Date,Indexed Sales,Public Sector Holidays,Weekday,School,University,Tiktok View,Tiktok Follower Gain,Tiktok Phone click,Instagram View,Instagram Followers,Facebook View,Facebook Follow,Ramazan,catagory,Influncer Post,Event ,Public Sector Salary,Private Sector Salary
1.05.2025,0.093333333,0,1,1,1,,,,6294,,5014,2,0,2,0,,1,0
1.06.2025,0.186666667,0,1,1,1,,,,70724,,172113,50,0,2,0,,1,0
1.07.2025,0.157333333,0,1,1,1,,,,120754,,196122,12,0,2,0,,1,0
1.08.2025,0.202666667,0,1,1,1,,,,82649,,133132,18,0,2,0,,1,0
1.09.2025,0.486666667,0,1,1,1,,,,35187,,83378,24,0,2,0,,0,0
1.10.2025,0.333333333,0,0,1,1,,,,71453,,118291,20,0,2,0,,0,0
1.11.2025,0.36,0,0,1,1,,,,88490,63,80364,4,0,2,0,,0,0
1.12.2025,0.661333333,0,1,1,1,,,,74193,48,82990,5,0,2,0,,0,0
1.13.2025,0.626666667,0,1,1,1,,,,73528,182,84631,7,0,2,1,,0,0
1.14.2025,0.961,0,1,1,1,,,,73298,115,90361,6,0,2,0,,0,0
1.15.2025,0.72,0,1,1,1,,,,36431,29,54213,2,0,2,0,,0,0
1.16.2025,0.784,0,1,1,1,,,,5765,33,345,0,0,2,0,,0,0
1.17.2025,0.753333333,0,0,1,1,,,,9238,20,6252,1,0,2,0,,0,0
1.18.2025,0.626666667,0,0,1,1,,,,96660,26,140595,5,0,2,0,,0,0
1.19.2025,0.606666667,0,1,0,1,,,,92540,26,134367,4,0,2,0,,0,0
1.20.2025,0.59,0,1,0,1,,,,75949,13,112963,2,0,2,0,,0,0
1.21.2025,0.573333333,0,1,0,1,,,,5166,19,508,0,0,2,0,,0,0
1.22.2025,0.659333333,0,1,0,1,,,,2982,22,14,0,0,2,0,,0,0
1.23.2025,0.646666667,0,1,0,1,,,,2581,20,93,1,0,2,0,,0,0
1.24.2025,0.731333333,0,0,0,1,,,,2243,21,33,0,0,2,0,,0,0
1.25.2025,0.568,0,0,0,1,,,,2300,21,38,0,0,2,0,,0,0
1.26.2025,0.72,0,1,1,1,,,,11874,114,71,0,0,2,0,,0,0
1.27.2025,0.562,0,1,1,1,,,,8148,110,26,0,0,2,0,,0,0
1.28.2025,0.733333333,0,1,1,1,,,,7279,33,8,0,0,2,0,,0,0
1.29.2025,0.749333333,0,1,1,1,,,,11262,30,66,1,0,2,0,,0,0
1.30.2025,0.686666667,0,1,1,1,,,,51035,15,50724,2,0,2,0,,0,0
1.31.2025,0.6,0,0,1,1,,,,67557,28,61571,2,0,2,0,,0,0
2.01.2025,0.94,0,0,1,1,,,,63682,26,60371,3,0,2,0,,0,1
2.02.2025,0.573333333,0,1,1,1,,,,73620,12,90468,2,0,2,0,,0,0
2.03.2025,0.653333333,0,1,1,1,,,,83321,12,104323,6,0,3,0,,0,0
2.04.2025,0.786666667,0,1,1,1,,,,84148,16,114164,4,0,3,0,,0,0
2.05.2025,0.762,0,1,1,1,,,,47498,24,65859,2,0,3,0,,1,0
2.06.2025,0.701333333,0,1,1,1,,,,42141,28,52739,4,0,3,0,,1,0
2.07.2025,0.949333333,0,0,1,1,,,,42379,10,36955,2,0,3,0,,1,0
2.08.2025,0.930666667,0,0,1,1,,,,21902,13,11647,0,0,3,0,,0,0
2.09.2025,0.712,0,1,1,1,,,,1554,14,16,0,0,3,0,,0,0
2.10.2025,0.601333333,0,1,1,1,,,,18584,41,32688,1,0,3,0,,0,0
2.11.2025,0.696666667,0,1,1,1,,,,19542,34,45964,1,0,3,0,,0,0
2.12.2025,0.666666667,0,1,1,1,,,,21586,94,46213,1,0,3,0,,0,0
2.13.2025,1.180666667,0,1,1,1,,,,38276,360,84478,25,0,3,1,,0,0
2.14.2025,1.138,0,0,1,1,,,,29685,32,53866,12,0,3,0,,0,0
2.15.2025,0.926666667,0,0,1,1,,,,41239,50,53109,10,0,3,0,,0,0
2.16.2025,0.982666667,0,1,1,1,,,,42816,59,30024,0,0,3,0,,0,0
2.17.2025,0.882666667,0,1,1,1,,,,103794,108,169927,7,0,3,0,,0,0
2.18.2025,0.814666667,0,1,1,1,,,,99261,62,150601,4,0,3,0,,0,0
2.19.2025,0.966666667,0,1,1,1,,,,94630,34,114230,2,0,3,0,,0,0
2.20.2025,1.441333333,0,1,1,1,,,,49099,25,60906,7,0,3,0,,0,0
2.21.2025,1.76,0,0,1,1,,,,12770,38,6287,0,0,3,0,,0,0
2.22.2025,1.090666667,0,0,1,1,,,,13046,51,6471,9,0,3,0,,0,0
2.23.2025,1.066666667,0,1,1,1,,,,7188,57,1963,0,0,3,0,,0,0
2.24.2025,0.893333333,0,1,1,1,,,,2083,25,78,0,0,3,0,,0,0
2.25.2025,0.862,0,1,1,1,,,,11636,54,312,0,0,3,0,,0,0
2.26.2025,1.22,0,1,1,1,,,,16522,98,85,0,0,3,0,,0,0
2.27.2025,1.333333333,0,1,1,1,,,,10528,47,94,0,0,3,0,,0,0
2.28.2025,1.422666667,0,0,1,1,,,,17482,41,8206,1,0,3,0,,0,0
3.01.2025,1.685333333,1,0,1,1,,,,73681,769,51341,4,1,5,1,,0,1
3.02.2025,2.393333333,0,1,1,1,,,,102943,1242,50994,9,1,5,0,,0,0
3.03.2025,2.699333333,0,1,1,1,,,,62386,408,54281,19,1,5,0,,0,0
3.04.2025,2.832,0,1,1,1,,,,51569,253,42496,7,1,5,0,,0,0
3.05.2025,2.128,1,1,0,1,,,,35798,267,785,2,1,5,0,,0,0
3.06.2025,3.266666667,0,1,1,1,,,,21491,184,243,1,1,5,0,,0,0
3.07.2025,3.16,0,0,1,0,99286,300,12,74620,165,81824,2,1,5,0,,0,0
3.08.2025,3.218666667,0,0,1,0,98682,279,34,90159,218,90188,6,1,5,0,,0,0
3.09.2025,2.766666667,0,1,1,0,89204,142,35,80458,255,88562,21,1,5,0,,0,0
3.10.2025,2.748,0,1,1,0,105871,178,9,106760,137,157245,16,1,5,0,,0,0
3.11.2025,2.866666667,0,1,0,0,79465,123,19,113292,88,200358,22,1,5,0,,0,0
3.12.2025,2.633333333,0,1,1,0,94346,109,11,119166,166,191149,15,1,5,0,,0,0
3.13.2025,3.266666667,0,1,1,0,134435,180,16,117790,121,179110,7,1,5,0,,1,0
3.14.2025,2.989333333,0,0,1,0,57421,77,15,91542,85,146047,21,1,5,0,,0,0
3.15.2025,3.038666667,0,0,1,0,44981,72,18,58032,107,52498,8,1,5,0,,0,0
3.16.2025,3.156,1,1,1,0,54609,92,12,30729,161,19284,11,1,5,0,,0,0
3.17.2025,2.92,0,1,1,0,40363,35,4,35899,206,15245,7,1,5,0,,0,0
3.18.2025,2.453333333,0,1,1,0,29931,16,2,28364,155,32738,29,1,5,0,1.28,0,0
3.19.2025,2.44,0,1,1,0,73322,74,9,23489,155,27727,15,1,5,0,1.376,0,0
3.20.2025,2.564,0,1,1,0,110998,114,12,28053,108,32232,26,1,5,0,2.629333333,0,0
3.21.2025,2.933333333,1,0,0,0,125936,144,8,19022,92,36146,20,1,5,0,1.495333333,0,0
3.22.2025,2.653333333,1,0,0,0,116073,143,7,12998,79,12043,6,1,5,0,1.719,0,0
3.23.2025,2.428,1,1,0,0,68314,69,2,19794,63,29801,32,1,5,0,1.666666667,0,0
3.24.2025,2.1,0,1,1,0,30156,7,5,19266,78,38052,33,1,5,0,1.026666667,0,0
3.25.2025,2.434,0,1,1,0,93643,148,13,24015,450,31663,26,1,5,1,1.333333333,0,0
3.26.2025,2.466666667,0,1,1,0,72122,151,7,19006,197,30518,19,1,5,0,1.248,0,0
3.27.2025,2.956,0,1,1,0,35362,77,9,19107,103,33156,23,1,5,0,1.613333333,1,0
3.28.2025,2.589333333,0,0,1,0,22063,28,10,13856,70,4221,2,1,5,0,,0,0
3.29.2025,0,0,0,0,0,42686,18,7,10530,44,1324,2,0,5,0,,0,0
3.30.2025,0,1,1,0,0,32459,7,6,15120,31,7531,0,0,5,0,,0,0
3.31.2025,0,1,1,0,0,15260,-4,14,12570,20,6857,1,0,5,0,,0,0
4.01.2025,2.501333333,1,1,0,0,15210,11,5,10317,29,291,1,0,5,0,,0,1
4.02.2025,1.966666667,0,1,1,0,16880,2,4,7749,88,118,1,0,5,0,,0,0
4.03.2025,1.866666667,0,1,1,0,10875,-2,13,12784,55,73,0,0,5,0,,0,0
4.04.2025,1.78,0,0,1,0,17819,-5,5,10004,42,261,0,0,5,0,,0,0
4.05.2025,1.82,0,0,1,0,41761,97,12,19085,57,14051,9,0,5,0,,0,0
4.06.2025,1.701333333,0,1,1,1,14317,20,12,27226,64,28576,20,0,5,0,,0,0
4.07.2025,1.368,0,1,1,1,91077,86,4,31650,77,30806,29,0,5,0,,0,0
4.08.2025,1.541333333,0,1,1,1,146771,224,8,31905,56,27681,24,0,5,0,,0,0
4.09.2025,1.502666667,0,1,0,1,159070,221,10,26411,88,45792,26,0,5,0,,0,0
4.10.2025,2.04,0,1,1,1,172813,250,5,82639,180,44330,43,0,5,1,,0,0
4.11.2025,1.725333333,0,0,1,1,339089,360,13,31101,179,249654,569,0,5,0,,0,0
4.12.2025,1.526666667,0,0,1,1,175686,210,6,42678,116,161984,369,0,5,0,,0,0
4.13.2025,1.666666667,0,1,1,1,91575,68,7,60354,93,71046,119,0,5,0,,0,0
4.14.2025,2.038666667,1,1,1,1,173866,141,6,31101,107,45549,71,0,5,0,,0,0
4.15.2025,1.606666667,0,1,1,1,175707,82,17,42678,247,14370,36,0,5,0,,0,0
4.16.2025,1.624,1,1,0,1,102828,52,8,60354,162,29352,36,0,5,0,,0,0
4.17.2025,2.352,0,1,1,1,77986,30,4,46968,140,35517,32,0,5,0,,0,0
4.18.2025,1.952,0,0,1,1,137934,35,16,47523,71,39102,24,0,5,0,,0,0
4.19.2025,1.893333333,0,0,1,1,87895,5,1,37065,97,39514,47,0,5,0,,0,0
4.20.2025,1.786666667,0,1,0,1,25617,-4,10,32991,63,47851,30,0,5,0,,0,0
4.21.2025,1.506666667,0,1,1,1,37901,8,3,40654,59,50815,38,0,5,0,,0,0
4.22.2025,1.338,0,1,1,1,30682,-3,1,27555,29,41459,23,0,5,0,,0,0
4.23.2025,1.34,0,1,1,1,32784,3,12,35757,36,44699,22,0,5,0,,0,0
4.24.2025,1.704,0,1,1,1,24428,-1,3,56566,42,72573,20,0,5,0,,0,0
4.25.2025,1.730666667,0,0,1,1,16595,-1,8,58876,38,104609,29,0,5,0,,0,0
4.26.2025,1.353333333,0,0,1,1,18600,9,4,51851,49,81902,30,0,5,0,,0,0
4.27.2025,1.205333333,0,1,1,1,14831,-2,0,12683,42,6882,23,0,5,0,,0,0
4.28.2025,1.032,0,1,1,1,19025,9,2,14194,36,5229,14,0,5,0,,0,0
4.29.2025,1.104666667,0,1,1,1,20745,3,2,40796,47,42892,11,0,5,0,,0,0
4.30.2025,1.024,0,1,1,1,23721,8,2,37786,51,23380,24,0,5,0,,0,0
5.01.2025,1.366666667,1,1,0,0,27842,14,3,31838,35,32235,16,0,5,0,,0,1
5.02.2025,1.461333333,0,0,1,1,23377,2,7,27273,123,34023,18,0,5,0,,0,0
5.03.2025,1.014666667,0,0,1,1,235598,77,3,33389,78,54100,19,0,5,0,,0,0
5.04.2025,1.233333333,0,1,1,1,325724,228,6,40855,69,45418,23,0,5,0,,0,0
5.05.2025,0.266666667,0,1,1,1,246016,134,11,69471,59,82694,17,0,5,0,,0,0
5.06.2025,1.165333333,0,1,1,1,229659,99,14,85501,56,108514,9,0,5,0,,0,0
5.07.2025,1.180666667,0,1,1,1,115403,44,5,74160,41,96195,10,0,5,0,,0,0
5.08.2025,1.264,0,1,1,1,158814,204,4,54230,41,72298,10,0,5,0,,0,0
5.09.2025,1.350666667,0,0,1,1,142015,341,5,60289,28,86632,10,0,5,0,,0,0
5.10.2025,1.066666667,0,0,1,1,122179,323,10,59896,39,86689,11,0,5,0,,0,0
5.11.2025,1.066666667,0,1,1,1,113049,359,3,44763,39,48116,15,0,5,0,,0,0
5.12.2025,1.141333333,0,1,1,1,56408,189,5,37509,40,49118,16,0,5,0,,0,0
5.13.2025,1.2,0,1,1,1,27456,-14,1,38437,38,50150,13,0,5,0,,0,0
5.14.2025,1.181333333,0,1,1,1,47338,25,2,31638,66,33500,10,0,5,0,,0,0
5.15.2025,1.626666667,0,1,1,1,92944,43,3,115184,63,118960,5,0,5,0,0.426666667,1,0
5.16.2025,1.6,0,0,1,1,310589,127,7,136859,59,177387,10,0,5,0,0.333333333,0,0
5.17.2025,1.266666667,0,0,1,1,212873,156,7,102904,175,98929,93,0,5,1,0.16,0,0
5.18.2025,1.066666667,0,1,1,0,216498,268,3,51209,191,139851,537,0,5,0,,0,0
5.19.2025,1.066666667,0,1,1,0,97805,108,10,42948,111,36605,151,0,5,0,,0,0
5.20.2025,1.066666667,0,1,1,0,160203,176,4,37043,111,15366,64,0,5,0,,0,0
5.21.2025,1.066666667,0,1,1,0,210753,107,10,26272,62,8091,40,0,5,0,,0,0
5.22.2025,1.066666667,0,1,1,0,117135,75,6,27249,51,5498,23,0,5,0,,0,0
5.23.2025,1.165333333,0,0,1,0,92651,63,21,64520,101,10304,14,0,5,0,,0,0
5.24.2025,1.433333333,0,0,1,1,109790,65,0,74790,190,13751,22,0,5,0,,0,0
5.25.2025,1.298666667,0,1,1,1,169238,108,3,86295,206,16030,26,0,5,0,,0,0
5.26.2025,1.794666667,0,1,1,1,252357,192,7,76542,138,148096,206,0,5,0,,0,0
5.27.2025,1.854666667,0,1,0,1,211437,169,4,55904,131,22358,37,0,5,0,,0,0
5.28.2025,1.6,0,1,0,1,190328,117,12,39895,86,6914,16,0,5,0,,0,0
5.29.2025,1.945333333,0,1,0,1,136768,58,12,25055,79,4903,6,0,5,0,,0,0
5.30.2025,1.046666667,0,0,0,1,105810,11,12,21830,61,4200,10,0,5,0,,0,0
5.31.2025,1.066666667,0,0,0,1,88673,12,4,16364,52,2915,24,0,5,0,,0,0
6.01.2025,0.731333333,0,1,0,1,72155,9,5,15940,41,2335,12,0,5,0,,0,1
6.02.2025,1.017333333,0,1,0,1,64149,3,18,19670,44,3413,13,0,5,0,,0,0
6.03.2025,0.967181333,0,1,0,1,48930,15,0,52120,46,37945,15,0,5,0,,0,0
6.04.2025,0.967181333,0,1,0,1,38952,1,1,55955,57,39032,8,0,5,0,,0,0
6.05.2025,1.248666667,0,1,0,0,76059,30,4,34317,56,24575,11,0,5,0,,0,0
6.06.2025,0.967181333,1,0,0,0,35156,-1,3,25472,21,23578,18,0,5,0,,0,0
6.07.2025,0.967181333,1,0,0,0,43423,6,2,13092,26,3991,12,0,5,0,,0,0
6.08.2025,0.967181333,1,1,0,0,25887,-1,16,9117,36,3866,20,0,5,0,,0,0
6.09.2025,1.115333333,1,1,0,0,35116,4,4,18033,33,3579,11,0,5,0,,0,0
6.10.2025,0.809333333,0,1,0,0,34174,7,1,13599,31,2852,8,0,5,0,,0,0
6.11.2025,1.001333333,0,1,0,0,40392,-8,9,19131,36,3869,8,0,5,0,,0,0
6.12.2025,0.973333333,0,1,0,0,38109,5,2,14378,36,2866,11,0,5,0,,0,0
6.13.2025,0.906666667,0,0,0,0,28779,3,1,10021,45,2019,11,0,5,0,,0,0
6.14.2025,0.953333333,0,0,0,0,56188,42,4,36096,666,3757,13,0,5,1,,0,0
6.15.2025,0.953333333,0,1,0,0,186014,234,15,37973,369,9751,27,0,5,0,,0,0
6.16.2025,0.967181333,0,1,0,0,93046,88,5,22373,143,9037,20,0,5,0,,0,0
6.17.2025,0.993333333,0,1,0,0,75479,58,2,22419,108,66669,106,0,5,0,,0,0
6.18.2025,0.925333333,0,1,0,0,64049,26,6,24438,94,69716,110,0,5,0,,0,0
6.19.2025,0.993333333,0,1,0,0,45927,7,4,43137,73,60845,66,0,5,0,,0,0
6.20.2025,1,0,0,0,0,36720,5,7,45990,58,59081,87,0,5,0,,0,0
6.21.2025,0.967181333,0,0,0,0,34182,13,4,62423,70,48854,53,0,5,0,,0,0
6.22.2025,0.967181333,0,1,0,0,22854,-4,1,59224,41,48409,49,0,5,0,,0,0
6.23.2025,0.860666667,0,1,0,0,47084,17,5,70354,88,29171,54,0,5,0,,0,0
6.24.2025,0.908666667,0,1,0,0,56138,20,1,86055,149,62148,112,0,5,0,,0,0
6.25.2025,0.972,0,1,0,0,207812,104,2,128711,216,305841,707,0,5,0,,0,0
6.26.2025,0.961333333,0,1,0,0,99301,11,2,59902,103,230078,463,0,5,0,,0,0
6.27.2025,1.188,0,0,0,0,85609,21,2,37970,91,66678,124,0,5,0,,0,0
6.28.2025,0.841333333,0,0,0,0,35399,0,7,32088,66,38632,62,0,5,0,,0,0
6.29.2025,1.046666667,0,1,0,0,27572,1,0,31329,75,28845,25,0,5,0,,0,0
6.30.2025,0.877333333,0,1,0,0,36294,8,3,38538,82,31190,48,0,5,0,,0,0
7.01.2025,0.666666667,0,1,0,0,30563,6,5,40404,88,15559,24,0,5,0,,0,1
7.02.2025,0.954666667,0,1,0,0,42959,18,1,37264,65,12016,26,0,5,0,,0,0
7.03.2025,0.839666667,0,1,0,0,36166,0,3,29933,51,9788,13,0,5,0,,0,0
7.04.2025,0.853333333,0,0,0,0,41326,4,4,27588,34,9424,19,0,5,0,,0,0
7.05.2025,0.93,0,0,0,0,34759,18,3,52301,118,26750,31,0,5,0,,0,0
7.06.2025,1.02,0,1,0,0,31894,8,0,81212,220,40735,38,0,5,0,,0,0
7.07.2025,0.690666667,0,1,0,0,44477,16,3,86194,173,32134,19,0,5,0,,0,0
7.08.2025,0.864666667,0,1,0,0,51772,29,2,65531,102,38658,24,0,5,0,,0,0
7.09.2025,0.853333333,0,1,0,0,50923,18,2,27828,60,18146,12,0,5,0,,0,0
7.10.2025,0.831666667,0,1,0,0,42295,25,3,31935,60,9967,12,0,5,0,,0,0
7.11.2025,0.713333333,0,0,0,0,40752,16,4,28018,76,8849,10,0,5,0,,0,0
7.12.2025,0.738666667,0,0,0,0,43362,13,5,62720,78,9423,14,0,5,0,,0,0
7.13.2025,0.822666667,0,1,0,0,27994,12,2,50720,99,5278,7,0,5,0,,0,0
7.14.2025,0.754,1,1,0,0,148887,224,9,139592,444,84887,171,0,5,0,,0,0
7.15.2025,1.556,0,1,0,0,516877,1117,45,280010,1202,893828,2181,0,5,0,,0,0
7.16.2025,1.517333333,0,1,0,0,271160,161,11,175397,664,151208,424,0,5,0,,0,0
7.17.2025,1.546,0,1,0,0,138141,86,7,125520,339,53349,123,0,5,0,,0,0
7.18.2025,1.812,0,0,0,0,126200,107,15,92004,263,46080,88,0,5,0,,0,0
7.19.2025,1.626666667,0,0,0,0,115984,85,8,66407,167,30436,62,0,5,0,,0,0
7.20.2025,1.253333333,0,1,0,0,93817,67,16,58531,149,39653,96,0,5,0,,0,0
7.21.2025,0.893333333,0,1,0,0,98389,79,3,57455,134,65498,94,0,5,0,,0,0
7.22.2025,0.7,0,1,0,0,108857,82,4,49882,127,59739,67,0,5,0,,0,0
7.23.2025,1.186666667,0,1,0,0,87130,56,12,73843,137,52915,32,0,5,0,,0,0
7.24.2025,0.98,0,1,0,0,106073,65,2,87206,192,43573,30,0,5,0,,0,0
7.25.2025,0.966666667,0,0,0,0,98338,60,7,62622,175,27870,24,0,5,0,,1,0
7.26.2025,1.266666667,0,0,0,0,105536,63,2,55551,192,24412,18,0,5,0,,0,0
7.27.2025,1.109333333,0,1,0,0,60624,33,7,66347,174,27535,23,0,5,0,,0,0
7.28.2025,1.133333333,0,1,0,0,57967,54,4,49760,132,26538,24,0,5,0,,0,0
7.29.2025,1.25,0,1,0,0,49016,10,6,47559,159,25819,27,0,5,0,,0,0
7.30.2025,0.865333333,0,1,0,0,101781,72,9,41705,118,24571,23,0,5,0,,0,0
7.31.2025,1.213333333,0,1,0,0,69420,48,3,50091,102,36072,33,0,5,0,,0,0
8.01.2025,1.353333333,0,0,0,0,36248,22,5,89586,161,109994,46,0,5,0,,0,1
8.02.2025,1.242666667,0,0,0,0,37188,12,6,71023,143,97512,38,0,5,0,,0,0
8.03.2025,1.374666667,0,1,0,0,43244,18,2,64594,147,78271,40,0,5,0,,0,0
8.04.2025,1.12,0,1,0,0,31926,14,2,38453,114,23659,36,0,5,0,,0,0
8.05.2025,1.04,0,1,0,0,31093,23,1,36546,88,21375,40,0,5,0,,0,0
8.06.2025,1.019333333,0,1,0,0,26297,6,2,25703,99,5726,7,0,5,0,,0,0
8.07.2025,0.977333333,0,1,0,0,159301,117,3,35044,86,6189,8,0,5,0,,0,0
8.08.2025,1.146666667,0,0,0,0,207897,130,4,58239,89,45199,21,0,5,0,,0,0
8.09.2025,1.053333333,0,0,0,0,224506,155,4,57873,87,43465,14,0,5,0,,0,0
8.10.2025,1.045333333,0,1,0,0,179501,133,3,107856,105,111958,9,0,5,0,,0,0
8.11.2025,0.944,0,1,0,0,164108,104,1,25405,89,7840,6,0,5,0,,0,0
8.12.2025,1.066666667,0,1,0,0,101513,67,1,25303,86,3153,4,0,5,0,,0,0
8.13.2025,1.25,0,1,0,0,62179,38,3,36282,86,4169,4,0,5,0,,0,0
8.14.2025,0.98,0,1,0,0,40705,13,1,38774,82,5042,7,0,5,0,,0,0
8.15.2025,1.136666667,0,0,0,0,49530,24,2,52736,98,6229,8,0,5,0,,0,0
8.16.2025,1.188,0,0,0,0,64720,44,10,41910,120,5288,4,0,5,0,,0,0
8.17.2025,1.106666667,0,1,0,0,83293,62,3,49623,294,6575,5,0,5,1,,0,0
8.18.2025,0.946666667,0,1,0,0,145834,121,2,62963,231,5004,11,0,5,0,,0,0
8.19.2025,1.022666667,0,1,0,0,105056,20,4,74025,140,5897,8,0,5,0,,0,0
8.20.2025,1.073333333,0,1,0,0,93192,23,3,175481,411,6252,16,0,5,0,,0,0
8.21.2025,1.006666667,0,1,0,0,43453,9,0,90141,171,6492,15,0,5,0,,0,0
8.22.2025,1.262666667,0,0,0,0,213302,99,7,86826,139,13506,22,0,5,0,,0,0
8.23.2025,1.014666667,0,0,0,0,592965,265,2,82659,153,12353,22,0,5,0,,0,0
8.24.2025,1.026666667,0,1,0,0,252406,88,0,68594,112,13402,25,0,5,0,,0,0
8.25.2025,0.993333333,0,1,0,0,225842,81,4,47275,119,10400,24,0,5,0,,0,0
8.26.2025,0,0,1,0,0,138235,57,6,53743,100,10223,17,0,5,0,,0,0
8.27.2025,0.92,0,1,0,0,167901,112,6,43165,99,6776,12,0,4,0,,0,0
8.28.2025,1.058666667,0,1,0,0,123146,55,3,51562,98,8558,16,0,4,0,,0,0
8.29.2025,1.158666667,0,0,0,0,143419,56,5,55838,96,22460,51,0,4,0,,0,0
8.30.2025,1.057333333,0,0,0,0,133105,52,5,49434,119,17941,40,0,4,0,,0,0
8.31.2025,1.08,0,1,0,0,113002,32,2,49803,104,37181,85,0,4,0,,0,0
9.01.2025,1.042666667,0,1,0,0,180456,110,4,38141,106,25697,65,0,4,0,,0,1
9.02.2025,0.906666667,0,1,0,0,129956,73,0,32469,79,24266,48,0,4,0,,1,0
9.03.2025,1.164,0,1,0,0,132157,79,2,122269,84,160507,53,0,4,0,,1,0
9.04.2025,0.996666667,1,1,0,0,140961,71,4,106108,82,166353,35,0,4,0,,1,0
9.05.2025,1.46,0,0,0,0,72642,42,8,102512,66,157844,23,0,4,0,,0,0
9.06.2025,0.893333333,0,0,0,0,57427,14,3,102856,61,157325,26,0,4,0,,0,0
9.07.2025,1.162666667,0,1,0,0,74034,19,2,108441,63,153301,15,0,4,0,,0,0
9.08.2025,0.904,0,1,0,0,56849,13,2,78138,73,89885,13,0,4,0,,0,0
9.09.2025,1.016333333,0,1,0,0,51348,12,1,32262,51,9570,12,0,4,0,,0,0
9.10.2025,1.122666667,0,1,0,0,33560,-5,0,28595,54,3243,4,0,4,0,,0,0
9.11.2025,1.088,0,1,0,0,32241,3,2,32751,39,6126,12,0,4,0,,0,0
9.12.2025,0.874666667,0,0,0,0,27299,3,0,29286,51,6132,7,0,4,0,,0,0
9.13.2025,1.011089333,0,0,0,0,97040,43,4,31140,56,6280,6,0,4,0,,0,0
9.14.2025,0.784,0,1,0,0,424071,183,1,28935,74,6899,2,0,4,0,,0,0
9.15.2025,0.966666667,0,1,0,0,313704,82,0,40331,70,5478,6,0,4,0,,0,0
9.16.2025,1.053333333,0,1,0,0,269415,111,2,33701,59,6154,6,0,4,0,,0,0
9.17.2025,0.990666667,0,1,0,0,154090,39,1,43600,52,8208,2,0,4,0,,0,0
9.18.2025,0.946666667,0,1,0,0,39886,-14,1,44793,60,3360,5,0,4,0,,0,0
9.19.2025,0.624,0,0,0,0,39387,-10,5,29009,48,3598,4,0,4,0,,0,0
9.20.2025,0.948,0,0,0,0,22781,-3,2,18620,50,3080,7,0,4,0,,0,0
9.21.2025,0.966666667,0,1,1,0,25789,-3,3,18306,37,2291,7,0,4,0,,0,0
9.22.2025,0.8,0,1,1,0,17642,-8,2,26253,57,2273,3,0,4,1,,0,0
9.23.2025,1.226666667,0,1,1,0,24056,6,4,23058,40,4669,6,0,4,0,,0,0
9.24.2025,0.933333333,0,1,1,0,30305,-4,0,18386,35,22366,32,0,4,0,,0,0
9.25.2025,0.9,0,1,1,0,21196,-3,0,21898,24,35399,41,0,4,0,,0,0
9.26.2025,1.156,0,0,1,0,24357,3,0,15700,35,69176,79,0,4,0,,0,0
9.27.2025,0.853333333,0,0,1,0,25467,-6,3,11980,32,19530,26,0,4,0,,0,0
9.28.2025,0.8,0,1,1,0,22701,-8,0,10146,17,25257,36,0,4,0,,0,0
9.29.2025,0.666666667,0,1,1,0,27938,-9,0,17844,28,18920,23,0,4,0,,0,0
9.30.2025,0.666666667,0,1,1,0,27902,4,3,16117,22,8349,15,0,4,0,,0,0
10.01.2025,0.9,0,1,1,0,19106,-8,3,21529,46,12213,9,0,4,0,,0,1
10.02.2025,0.966666667,0,1,1,0,30143,11,0,24711,51,12843,12,0,4,0,,1,0
10.03.2025,1.066666667,0,0,1,0,85299,20,2,234426,193,29004,43,0,4,0,,1,0
10.04.2025,0.793333333,0,0,1,0,230001,97,5,287525,307,185904,153,0,4,0,,1,0
10.05.2025,0.9,0,1,1,1,241739,122,1,87225,132,55544,56,0,4,0,,0,0
10.06.2025,0.942666667,0,1,1,1,236319,100,3,55135,61,26765,22,0,4,0,,0,0
10.07.2025,0.896666667,0,1,1,1,225019,69,1,38653,48,38509,52,0,4,0,,0,0
10.08.2025,1.058666667,0,1,1,1,176938,73,2,33930,39,95972,92,0,4,0,,0,0
10.09.2025,1.236,0,1,1,1,115461,45,2,31187,70,89552,93,0,4,1,,0,0
10.10.2025,1.333333333,0,0,1,1,111630,19,7,31753,68,55669,54,0,4,0,,0,0
10.11.2025,0.973333333,0,0,1,1,97618,20,2,26369,68,29351,33,0,4,0,,0,0
10.12.2025,0.953333333,0,1,1,1,49842,14,2,27379,64,17797,22,0,4,0,,0,0
10.13.2025,0.88,0,1,1,1,23287,-2,3,23302,29,14761,13,0,4,0,,0,0
10.14.2025,0.866666667,0,1,1,1,31030,14,5,24995,46,11555,10,0,4,0,,0,0
10.15.2025,0.890666667,0,1,1,1,58440,9,3,25115,44,14202,28,0,4,0,,0,0
10.16.2025,0.901333333,0,1,1,1,85083,15,2,18502,40,21363,26,0,4,0,,0,0
10.17.2025,1.337333333,0,0,1,1,65177,2,0,22141,35,27250,44,0,4,0,,0,0
10.18.2025,0.921333333,0,0,1,1,51876,1,0,31402,50,21428,29,0,4,0,,0,0
10.19.2025,0.946666667,0,1,1,1,116442,64,10,41708,65,10637,14,0,4,0,,0,0
10.20.2025,0.986666667,0,1,1,1,117308,44,1,44378,77,6825,8,0,4,0,,0,0
10.21.2025,0.950666667,0,1,1,1,91580,16,0,23316,43,9522,8,0,4,0,,0,0
10.22.2025,0.696,0,1,1,1,62897,6,0,23587,46,12676,12,0,4,0,,0,0
10.23.2025,0.96,0,1,1,1,97080,40,2,58833,76,15933,16,0,4,0,,0,0
10.24.2025,1.066666667,0,0,1,1,256880,191,2,109291,199,16338,22,0,4,0,0.490666667,0,0
10.25.2025,1.262666667,0,0,1,1,246140,105,2,48804,116,13485,23,0,4,0,,0,0
10.26.2025,1.317666667,0,1,1,1,127748,36,5,39068,74,15578,27,0,4,0,,0,0
10.27.2025,1.088666667,0,1,1,1,50367,19,3,26483,44,8441,13,0,4,0,,1,0
10.28.2025,1.317333333,0,1,1,1,58221,19,1,22002,48,8765,20,0,4,0,,1,0
10.29.2025,1.088,0,1,1,1,64092,25,1,44662,65,15727,14,0,4,1,,1,0
10.30.2025,1.332666667,0,1,1,1,81006,19,3,28078,100,19445,21,0,4,0,,0,0
10.31.2025,1.437333333,0,0,1,1,51985,8,6,51160,74,14622,15,0,4,0,,0,0
11.01.2025,0.996666667,0,0,0,1,29408,0,7,29339,55,9201,9,0,4,0,,0,1
11.02.2025,1.089666667,0,1,0,1,76200,12,3,59900,77,7770,10,0,4,1,,0,0
11.03.2025,1.24,0,1,0,1,328355,98,13,128438,126,4861,11,0,4,0,,0,0
11.04.2025,1.127333333,0,1,0,1,134603,19,1,68301,68,6038,7,0,4,0,,0,0
11.05.2025,1.293333333,0,1,0,0,79764,10,3,38852,55,3738,4,0,4,0,,0,0
11.06.2025,1.377333333,0,1,0,0,70015,9,2,30336,47,682,3,0,4,0,,0,0
11.07.2025,1.687,0,0,0,0,64900,5,3,35148,53,4777,1,0,4,0,,0,0
11.08.2025,1.136,0,0,0,0,45397,4,5,87551,89,16972,8,0,4,1,,0,0
11.09.2025,1.34,0,1,0,0,53180,17,5,118952,121,14656,8,0,4,0,,0,0
11.10.2025,1.626666667,0,1,0,0,34789,5,4,46115,71,15486,11,0,4,0,,0,0
11.11.2025,1.373333333,0,1,0,0,124192,13,2,33223,55,19593,11,0,4,0,,0,0
11.12.2025,1.282666667,0,1,0,0,26609,-5,3,31671,50,15751,9,0,4,0,,0,0
11.13.2025,1.534666667,0,1,0,0,25109,-9,12,30511,62,14884,10,0,4,0,,0,0
11.14.2025,1.446666667,0,0,0,0,27070,-18,0,39626,59,16017,12,0,4,0,,0,0
11.15.2025,0.963666667,0,0,0,0,16707,-3,1,28960,64,16471,7,0,4,0,,0,0
11.16.2025,1.063333333,0,1,1,1,11210,-16,5,33007,63,22188,20,0,4,0,,0,0
11.17.2025,0.904,0,1,1,1,9589,-3,1,17502,41,1832,7,0,4,0,,0,0
11.18.2025,0.994,0,1,1,1,17356,-3,0,16637,33,1436,5,0,4,0,,0,0
11.19.2025,0.825333333,0,1,1,1,11837,-8,1,36881,50,2077,3,0,4,0,,0,0
11.20.2025,1.333333333,0,1,1,1,11751,-11,0,25431,42,1218,1,0,4,0,,0,0
11.21.2025,1.42,0,0,1,1,58346,11,2,51103,78,5283,4,0,4,0,,0,0
11.22.2025,0.998666667,0,0,1,1,153323,86,0,70439,110,47585,38,0,4,0,,0,0
11.23.2025,0.858666667,0,1,1,1,162213,92,1,33450,56,9759,7,0,4,0,,0,0
11.24.2025,1.057333333,0,1,1,1,131661,86,4,23251,51,5690,5,0,4,0,,0,0
11.25.2025,0.957333333,0,1,1,1,111076,49,0,22149,56,5758,5,0,4,0,,0,0
11.26.2025,1.036,0,1,1,1,62022,33,0,25168,51,9533,7,0,4,0,,0,0
11.27.2025,1.545333333,0,1,1,1,14635,-2,1,18318,33,8254,6,0,4,0,,0,0
11.28.2025,1.833333333,0,0,1,1,6581,-14,0,25120,41,12752,12,0,4,1,,0,0
11.29.2025,1.082666667,0,0,1,1,6041,-16,3,20884,60,14640,20,0,4,0,,0,0
11.30.2025,0.966666667,0,1,1,1,5211,-11,0,18178,48,30535,31,0,4,0,,1,0
12.01.2025,0.978,0,1,1,1,5098,-16,0,22046,37,38809,39,0,4,0,,1,1
12.02.2025,0.944,0,1,1,1,25358,-11,3,53146,51,27697,14,0,4,0,,1,0
12.03.2025,0.82933333,0,1,1,1,51283,15,4,69427,85,89867,82,0,4,0,,0,0
12.04.2025,1.3,0,1,1,1,40526,9,3,53032,74,86587,77,0,4,0,,0,0
12.05.2025,1.56066667,0,0,1,1,26433,1,2,39045,61,51322,47,0,5,0,,0,0
12.06.2025,1.112,0,0,1,1,85859,7,4,37813,82,29174,31,0,5,0,,0,0
12.07.2025,1.251,0,1,1,1,92885,15,2,43427,57,25938,16,0,5,0,,0,0
12.08.2025,0.99733333,0,1,1,1,68821,4,2,57884,79,26755,25,0,5,0,,0,0
12.09.2025,0.94633333,0,1,1,1,45955,10,3,59818,105,40901,37,0,5,0,,0,0
12.10.2025,1.12,0,1,1,1,43693,14,7,21868,53,24244,24,0,5,0,,0,0
12.11.2025,1.403,0,1,1,1,19772,0,1,21263,40,14146,20,0,5,0,,0,0
12.12.2025,1.254,0,0,1,1,10919,-1,0,21276,38,11866,6,0,5,0,,0,0
12.13.2025,1.05466667,0,0,1,1,13827,-9,0,21179,58,11603,14,0,5,0,,0,0
12.14.2025,0.81666667,0,1,1,1,9267,-9,1,16250,45,10006,7,0,5,0,,0,0
12.15.2025,0.99566667,0,1,1,1,13089,-7,3,21455,48,7585,18,0,5,0,,0,0
12.16.2025,0.798,0,1,1,1,22426,-6,0,15908,24,5387,9,0,5,0,,0,0
12.17.2025,0.84666667,0,1,1,1,30970,-3,0,11915,34,3912,4,0,5,0,,0,0
12.18.2025,0.87333333,0,1,1,1,12795,-18,2,15508,37,3266,5,0,5,0,,0,0
12.19.2025,1.16833333,0,0,1,0,13961,-4,1,41656,41,7947,10,0,5,1,,0,0
12.20.2025,0.83066667,0,0,1,0,10789,-6,0,35784,58,23536,21,0,5,0,,0,0
12.21.2025,0.86933333,0,1,1,0,5239,-6,1,23174,34,21670,31,0,5,0,,0,0
12.22.2025,0.761,0,1,1,0,7765,-6,0,20877,39,15442,16,0,5,0,,0,0
12.23.2025,0.80233333,0,1,1,0,5498,-2,0,20821,49,12689,11,0,5,0,0.24166667,0,0
12.24.2025,0.88633333,0,1,1,0,12354,-7,3,30972,40,14832,13,0,5,0,0.80666667,0,0
12.25.2025,1.011,1,1,0,0,9776,-10,2,26675,51,15998,19,0,5,0,1.12933333,0,0
12.26.2025,1.35733333,1,0,0,0,8388,-2,1,20800,23,20258,33,0,5,0,1.48133333,0,0
12.27.2025,0.92,1,0,0,0,9202,-7,4,42111,58,14370,13,0,5,1,1.084,0,0
12.28.2025,1.143,1,1,0,0,7138,-16,3,41756,65,6393,9,0,5,0,1.012,0,0
12.29.2025,0.92733333,1,1,0,0,7008,-8,2,16648,49,6257,9,0,5,0,0.34666667,1,0
12.30.2025,1.18333333,1,1,0,0,6109,-14,1,25152,38,10554,12,0,5,0,1.06666667,1,0
12.31.2025,1.01466667,1,1,0,0,5463,-2,1,18377,32,7889,13,0,5,0,1.25933333,0,0