date,Indexed Sales,Public Sector Holidays,Weekday,School,University,Tiktok View,Tiktok Follower Gain,Tiktok Phone click,Instagram View,Instagram Followers,Facebook View,Facebook Follow,Ramazan,catagory,Influncer Post,Event ,Public Sector Salary,Private Sector Salary,Unnamed: 19,Unnamed: 20,Unnamed: 21,Unnamed: 22,Unnamed: 23,Unnamed: 24,Unnamed: 25,Unnamed: 26,Unnamed: 27,Unnamed: 28,Unnamed: 29,Unnamed: 30,Unnamed: 31,Unnamed: 32,Tiktok View_Lag1,Tiktok View_Lag2,Tiktok View_Lag3,Tiktok Phone click_Lag1,Tiktok Phone click_Lag2,Tiktok Phone click_Lag3,Instagram View_Lag1,Instagram View_Lag2,Instagram View_Lag3,Facebook View_Lag1,Facebook View_Lag2,Facebook View_Lag3,Tiktok View_5Day_Window,Tiktok Phone click_5Day_Window,Instagram View_5Day_Window,Facebook View_5Day_Window,Total_Combined_Income,is_salary_day,day_name
2025-01-09,0.486666667,0,1,1,1,,,,35187,,83378,24,0,2,0,,0,0,,,,,,,,,,,,,,,,,,,,,,,,,,,,,,,0.486666667,0,Thursday
2025-01-11,0.36,0,0,1,1,,,,88490,63.0,80364,4,0,2,0,,0,0,,,,,,,,,,,,,,,,,,,,,35187.0,,,83378.0,,,,,,,0.36,0,Saturday
2025-01-12,0.661333333,0,1,1,1,,,,74193,48.0,82990,5,0,2,0,,0,0,,,,,,,,,,,,,,,,,,,,,88490.0,35187.0,,80364.0,83378.0,,,,344696.0,421724.0,0.661333333,0,Sunday
2025-01-13,0.626666667,0,1,1,1,,,,73528,182.0,84631,7,0,2,1,,0,0,,,,,,,,,,,,,,,,,,,,,74193.0,88490.0,35187.0,82990.0,80364.0,83378.0,,,345940.0,392559.0,0.626666667,0,Monday
2025-01-14,0.961,0,1,1,1,,,,73298,115.0,90361,6,0,2,0,,0,0,,,,,,,,,,,,,,,,,,,,,73528.0,74193.0,88490.0,84631.0,82990.0,80364.0,,,263215.0,312540.0,0.961,0,Tuesday
2025-01-15,0.72,0,1,1,1,,,,36431,29.0,54213,2,0,2,0,,0,0,,,,,,,,,,,,,,,,,,,,,73298.0,73528.0,74193.0,90361.0,84631.0,82990.0,,,198260.0,235802.0,0.72,0,Wednesday
2025-01-16,0.784,0,1,1,1,,,,5765,33.0,345,0,0,2,0,,0,0,,,,,,,,,,,,,,,,,,,,,36431.0,73298.0,73528.0,54213.0,90361.0,84631.0,,,221392.0,291766.0,0.784,0,Thursday
2025-01-17,0.753333333,0,0,1,1,,,,9238,20.0,6252,1,0,2,0,,0,0,,,,,,,,,,,,,,,,,,,,,5765.0,36431.0,73298.0,345.0,54213.0,90361.0,,,240634.0,335772.0,0.753333333,0,Friday
2025-01-18,0.626666667,0,0,1,1,,,,96660,26.0,140595,5,0,2,0,,0,0,,,,,,,,,,,,,,,,,,,,,9238.0,5765.0,36431.0,6252.0,345.0,54213.0,,,280152.0,394522.0,0.626666667,0,Saturday
2025-01-19,0.606666667,0,1,0,1,,,,92540,26.0,134367,4,0,2,0,,0,0,,,,,,,,,,,,,,,,,,,,,96660.0,9238.0,5765.0,140595.0,6252.0,345.0,,,279553.0,394685.0,0.606666667,0,Sunday
2025-01-20,0.59,0,1,0,1,,,,75949,13.0,112963,2,0,2,0,,0,0,,,,,,,,,,,,,,,,,,,,,92540.0,96660.0,9238.0,134367.0,140595.0,6252.0,,,273297.0,388447.0,0.59,0,Monday
2025-01-21,0.573333333,0,1,0,1,,,,5166,19.0,508,0,0,2,0,,0,0,,,,,,,,,,,,,,,,,,,,,75949.0,92540.0,96660.0,112963.0,134367.0,140595.0,,,179218.0,247945.0,0.573333333,0,Tuesday
2025-01-22,0.659333333,0,1,0,1,,,,2982,22.0,14,0,0,2,0,,0,0,,,,,,,,,,,,,,,,,,,,,5166.0,75949.0,92540.0,508.0,112963.0,134367.0,,,88921.0,113611.0,0.659333333,0,Wednesday
2025-01-23,0.646666667,0,1,0,1,,,,2581,20.0,93,1,0,2,0,,0,0,,,,,,,,,,,,,,,,,,,,,2982.0,5166.0,75949.0,14.0,508.0,112963.0,,,15272.0,686.0,0.646666667,0,Thursday
2025-01-24,0.731333333,0,0,0,1,,,,2243,21.0,33,0,0,2,0,,0,0,,,,,,,,,,,,,,,,,,,,,2581.0,2982.0,5166.0,93.0,14.0,508.0,,,21980.0,249.0,0.731333333,0,Friday
2025-01-25,0.568,0,0,0,1,,,,2300,21.0,38,0,0,2,0,,0,0,,,,,,,,,,,,,,,,,,,,,2243.0,2581.0,2982.0,33.0,93.0,14.0,,,27146.0,261.0,0.568,0,Saturday
2025-01-26,0.72,0,1,1,1,,,,11874,114.0,71,0,0,2,0,,0,0,,,,,,,,,,,,,,,,,,,,,2300.0,2243.0,2581.0,38.0,33.0,93.0,,,31844.0,176.0,0.72,0,Sunday
2025-01-27,0.562,0,1,1,1,,,,8148,110.0,26,0,0,2,0,,0,0,,,,,,,,,,,,,,,,,,,,,11874.0,2300.0,2243.0,71.0,38.0,33.0,,,40863.0,209.0,0.562,0,Monday
2025-01-28,0.733333333,0,1,1,1,,,,7279,33.0,8,0,0,2,0,,0,0,,,,,,,,,,,,,,,,,,,,,8148.0,11874.0,2300.0,26.0,71.0,38.0,,,89598.0,50895.0,0.733333333,0,Tuesday
2025-01-29,0.749333333,0,1,1,1,,,,11262,30.0,66,1,0,2,0,,0,0,,,,,,,,,,,,,,,,,,,,,7279.0,8148.0,11874.0,8.0,26.0,71.0,,,145281.0,112395.0,0.749333333,0,Wednesday
2025-01-30,0.686666667,0,1,1,1,,,,51035,15.0,50724,2,0,2,0,,0,0,,,,,,,,,,,,,,,,,,,,,11262.0,7279.0,8148.0,66.0,8.0,26.0,,,200815.0,172740.0,0.686666667,0,Thursday
2025-01-31,0.6,0,0,1,1,,,,67557,28.0,61571,2,0,2,0,,0,0,,,,,,,,,,,,,,,,,,,,,51035.0,11262.0,7279.0,50724.0,66.0,8.0,,,267156.0,263200.0,0.6,0,Friday
2025-02-01,0.94,0,0,1,1,,,,63682,26.0,60371,3,0,2,0,,0,1,,,,,,,,,,,,,,,,,,,,,67557.0,51035.0,11262.0,61571.0,50724.0,66.0,,,339215.0,367457.0,0.94,0,Saturday
2025-02-02,0.573333333,0,1,1,1,,,,73620,12.0,90468,2,0,2,0,,0,0,,,,,,,,,,,,,,,,,,,,,63682.0,67557.0,51035.0,60371.0,61571.0,50724.0,,,372328.0,430897.0,0.573333333,0,Sunday
2025-02-03,0.653333333,0,1,1,1,,,,83321,12.0,104323,6,0,3,0,,0,0,,,,,,,,,,,,,,,,,,,,,73620.0,63682.0,67557.0,90468.0,60371.0,61571.0,,,352269.0,435185.0,0.653333333,0,Monday
2025-02-04,0.786666667,0,1,1,1,,,,84148,16.0,114164,4,0,3,0,,0,0,,,,,,,,,,,,,,,,,,,,,83321.0,73620.0,63682.0,104323.0,90468.0,60371.0,,,330728.0,427553.0,0.786666667,0,Tuesday
2025-02-05,0.762,0,1,1,1,,,,47498,24.0,65859,2,0,3,0,,1,0,,,,,,,,,,,,,,,,,,,,,84148.0,83321.0,73620.0,114164.0,104323.0,90468.0,,,299487.0,374040.0,0.762,1,Wednesday
2025-02-06,0.701333333,0,1,1,1,,,,42141,28.0,52739,4,0,3,0,,1,0,,,,,,,,,,,,,,,,,,,,,47498.0,84148.0,83321.0,65859.0,114164.0,104323.0,,,238068.0,281364.0,0.701333333,1,Thursday
2025-02-07,0.949333333,0,0,1,1,,,,42379,10.0,36955,2,0,3,0,,1,0,,,,,,,,,,,,,,,,,,,,,42141.0,47498.0,84148.0,52739.0,65859.0,114164.0,,,155474.0,167216.0,0.949333333,1,Friday
2025-02-08,0.930666667,0,0,1,1,,,,21902,13.0,11647,0,0,3,0,,0,0,,,,,,,,,,,,,,,,,,,,,42379.0,42141.0,47498.0,36955.0,52739.0,65859.0,,,126560.0,134045.0,0.930666667,0,Saturday
2025-02-09,0.712,0,1,1,1,,,,1554,14.0,16,0,0,3,0,,0,0,,,,,,,,,,,,,,,,,,,,,21902.0,42379.0,42141.0,11647.0,36955.0,52739.0,,,103961.0,127270.0,0.712,0,Sunday
2025-02-10,0.601333333,0,1,1,1,,,,18584,41.0,32688,1,0,3,0,,0,0,,,,,,,,,,,,,,,,,,,,,1554.0,21902.0,42379.0,16.0,11647.0,36955.0,,,83168.0,136528.0,0.601333333,0,Monday
2025-02-11,0.696666667,0,1,1,1,,,,19542,34.0,45964,1,0,3,0,,0,0,,,,,,,,,,,,,,,,,,,,,18584.0,1554.0,21902.0,32688.0,16.0,11647.0,,,99542.0,209359.0,0.696666667,0,Tuesday
2025-02-12,0.666666667,0,1,1,1,,,,21586,94.0,46213,1,0,3,0,,0,0,,,,,,,,,,,,,,,,,,,,,19542.0,18584.0,1554.0,45964.0,32688.0,16.0,,,127673.0,263209.0,0.666666667,0,Wednesday
2025-02-13,1.180666667,0,1,1,1,,,,38276,360.0,84478,25,0,3,1,,0,0,,,,,,,,,,,,,,,,,,,,,21586.0,19542.0,18584.0,46213.0,45964.0,32688.0,,,150328.0,283630.0,1.180666667,0,Thursday
2025-02-14,1.138,0,0,1,1,,,,29685,32.0,53866,12,0,3,0,,0,0,,,,,,,,,,,,,,,,,,,,,38276.0,21586.0,19542.0,84478.0,46213.0,45964.0,,,173602.0,267690.0,1.138,0,Friday
2025-02-15,0.926666667,0,0,1,1,,,,41239,50.0,53109,10,0,3,0,,0,0,,,,,,,,,,,,,,,,,,,,,29685.0,38276.0,21586.0,53866.0,84478.0,46213.0,,,255810.0,391404.0,0.926666667,0,Saturday
2025-02-16,0.982666667,0,1,1,1,,,,42816,59.0,30024,0,0,3,0,,0,0,,,,,,,,,,,,,,,,,,,,,41239.0,29685.0,38276.0,53109.0,53866.0,84478.0,,,316795.0,457527.0,0.982666667,0,Sunday
2025-02-17,0.882666667,0,1,1,1,,,,103794,108.0,169927,7,0,3,0,,0,0,,,,,,,,,,,,,,,,,,,,,42816.0,41239.0,29685.0,30024.0,53109.0,53866.0,,,381740.0,517891.0,0.882666667,0,Monday
2025-02-18,0.814666667,0,1,1,1,,,,99261,62.0,150601,4,0,3,0,,0,0,,,,,,,,,,,,,,,,,,,,,103794.0,42816.0,41239.0,169927.0,30024.0,53109.0,,,389600.0,525688.0,0.814666667,0,Tuesday
2025-02-19,0.966666667,0,1,1,1,,,,94630,34.0,114230,2,0,3,0,,0,0,,,,,,,,,,,,,,,,,,,,,99261.0,103794.0,42816.0,150601.0,169927.0,30024.0,,,359554.0,501951.0,0.966666667,0,Wednesday
2025-02-20,1.441333333,0,1,1,1,,,,49099,25.0,60906,7,0,3,0,,0,0,,,,,,,,,,,,,,,,,,,,,94630.0,99261.0,103794.0,114230.0,150601.0,169927.0,,,268806.0,338495.0,1.441333333,0,Thursday
2025-02-21,1.76,0,0,1,1,,,,12770,38.0,6287,0,0,3,0,,0,0,,,,,,,,,,,,,,,,,,,,,49099.0,94630.0,99261.0,60906.0,114230.0,150601.0,,,176733.0,189857.0,1.76,0,Friday
2025-02-22,1.090666667,0,0,1,1,,,,13046,51.0,6471,9,0,3,0,,0,0,,,,,,,,,,,,,,,,,,,,,12770.0,49099.0,94630.0,6287.0,60906.0,114230.0,,,84186.0,75705.0,1.090666667,0,Saturday
2025-02-23,1.066666667,0,1,1,1,,,,7188,57.0,1963,0,0,3,0,,0,0,,,,,,,,,,,,,,,,,,,,,13046.0,12770.0,49099.0,6471.0,6287.0,60906.0,,,46723.0,15111.0,1.066666667,0,Sunday
2025-02-24,0.893333333,0,1,1,1,,,,2083,25.0,78,0,0,3,0,,0,0,,,,,,,,,,,,,,,,,,,,,7188.0,13046.0,12770.0,1963.0,6471.0,6287.0,,,50475.0,8909.0,0.893333333,0,Monday
2025-02-25,0.862,0,1,1,1,,,,11636,54.0,312,0,0,3,0,,0,0,,,,,,,,,,,,,,,,,,,,,2083.0,7188.0,13046.0,78.0,1963.0,6471.0,,,47957.0,2532.0,0.862,0,Tuesday
2025-02-26,1.22,0,1,1,1,,,,16522,98.0,85,0,0,3,0,,0,0,,,,,,,,,,,,,,,,,,,,,11636.0,2083.0,7188.0,312.0,78.0,1963.0,,,58251.0,8775.0,1.22,0,Wednesday
2025-02-27,1.333333333,0,1,1,1,,,,10528,47.0,94,0,0,3,0,,0,0,,,,,,,,,,,,,,,,,,,,,16522.0,11636.0,2083.0,85.0,312.0,78.0,,,129849.0,60038.0,1.333333333,0,Thursday
2025-02-28,1.422666667,0,0,1,1,,,,17482,41.0,8206,1,0,3,0,,0,0,,,,,,,,,,,,,,,,,,,,,10528.0,16522.0,11636.0,94.0,85.0,312.0,,,221156.0,110720.0,1.422666667,0,Friday
2025-03-01,1.685333333,1,0,1,1,,,,73681,769.0,51341,4,1,5,1,,0,1,,,,,,,,,,,,,,,,,,,,,17482.0,10528.0,16522.0,8206.0,94.0,85.0,,,267020.0,164916.0,1.685333333,0,Saturday
2025-03-02,2.393333333,0,1,1,1,,,,102943,1242.0,50994,9,1,5,0,,0,0,,,,,,,,,,,,,,,,,,,,,73681.0,17482.0,10528.0,51341.0,8206.0,94.0,,,308061.0,207318.0,2.393333333,0,Sunday
2025-03-03,2.699333333,0,1,1,1,,,,62386,408.0,54281,19,1,5,0,,0,0,,,,,,,,,,,,,,,,,,,,,102943.0,73681.0,17482.0,50994.0,51341.0,8206.0,,,326377.0,199897.0,2.699333333,0,Monday
2025-03-04,2.832,0,1,1,1,,,,51569,253.0,42496,7,1,5,0,,0,0,,,,,,,,,,,,,,,,,,,,,62386.0,102943.0,73681.0,54281.0,50994.0,51341.0,,,274187.0,148799.0,2.832,0,Tuesday
2025-03-05,2.128,1,1,0,1,,,,35798,267.0,785,2,1,5,0,,0,0,,,,,,,,,,,,,,,,,,,,,51569.0,62386.0,102943.0,42496.0,54281.0,50994.0,,,245864.0,179629.0,2.128,0,Wednesday
2025-03-06,3.266666667,0,1,1,1,,,,21491,184.0,243,1,1,5,0,,0,0,,,,,,,,,,,,,,,,,,,,,35798.0,51569.0,62386.0,785.0,42496.0,54281.0,,,273637.0,215536.0,3.266666667,0,Thursday
2025-03-07,3.16,0,0,1,0,99286.0,300.0,12.0,74620,165.0,81824,2,1,5,0,,0,0,,,,,,,,,,,,,,,,,,,,,21491.0,35798.0,51569.0,243.0,785.0,42496.0,,,302526.0,261602.0,3.16,0,Friday
2025-03-08,3.218666667,0,0,1,0,98682.0,279.0,34.0,90159,218.0,90188,6,1,5,0,,0,0,,,,,,,,,,,,,,,99286.0,,,12.0,,,74620.0,21491.0,35798.0,81824.0,243.0,785.0,,,373488.0,418062.0,3.218666667,0,Saturday
2025-03-09,2.766666667,0,1,1,0,89204.0,142.0,35.0,80458,255.0,88562,21,1,5,0,,0,0,,,,,,,,,,,,,,,98682.0,99286.0,,34.0,12.0,,90159.0,74620.0,21491.0,90188.0,81824.0,243.0,472508.0,109.0,465289.0,618177.0,2.766666667,0,Sunday
2025-03-10,2.748,0,1,1,0,105871.0,178.0,9.0,106760,137.0,157245,16,1,5,0,,0,0,,,,,,,,,,,,,,,89204.0,98682.0,99286.0,35.0,34.0,12.0,80458.0,90159.0,74620.0,88562.0,90188.0,81824.0,467568.0,108.0,509835.0,727502.0,2.748,0,Monday
2025-03-11,2.866666667,0,1,0,0,79465.0,123.0,19.0,113292,88.0,200358,22,1,5,0,,0,0,,,,,,,,,,,,,,,105871.0,89204.0,98682.0,9.0,35.0,34.0,106760.0,80458.0,90159.0,157245.0,88562.0,90188.0,503321.0,90.0,537466.0,816424.0,2.866666667,0,Tuesday
2025-03-12,2.633333333,0,1,1,0,94346.0,109.0,11.0,119166,166.0,191149,15,1,5,0,,0,0,,,,,,,,,,,,,,,79465.0,105871.0,89204.0,19.0,9.0,35.0,113292.0,106760.0,80458.0,200358.0,157245.0,88562.0,471538.0,70.0,548550.0,873909.0,2.633333333,0,Wednesday
2025-03-13,3.266666667,0,1,1,0,134435.0,180.0,16.0,117790,121.0,179110,7,1,5,0,,1,0,,,,,,,,,,,,,,,94346.0,79465.0,105871.0,11.0,19.0,9.0,119166.0,113292.0,106760.0,191149.0,200358.0,157245.0,410648.0,79.0,499822.0,769162.0,3.266666667,1,Thursday
2025-03-14,2.989333333,0,0,1,0,57421.0,77.0,15.0,91542,85.0,146047,21,1,5,0,,0,0,,,,,,,,,,,,,,,134435.0,94346.0,79465.0,16.0,11.0,19.0,117790.0,119166.0,113292.0,179110.0,191149.0,200358.0,385792.0,72.0,417259.0,588088.0,2.989333333,0,Friday
2025-03-15,3.038666667,0,0,1,0,44981.0,72.0,18.0,58032,107.0,52498,8,1,5,0,,0,0,,,,,,,,,,,,,,,57421.0,134435.0,94346.0,15.0,16.0,11.0,91542.0,117790.0,119166.0,146047.0,179110.0,191149.0,331809.0,65.0,333992.0,412184.0,3.038666667,0,Saturday
2025-03-16,3.156,1,1,1,0,54609.0,92.0,12.0,30729,161.0,19284,11,1,5,0,,0,0,,,,,,,,,,,,,,,44981.0,57421.0,134435.0,18.0,15.0,16.0,58032.0,91542.0,117790.0,52498.0,146047.0,179110.0,227305.0,51.0,244566.0,265812.0,3.156,0,Sunday
2025-03-17,2.92,0,1,1,0,40363.0,35.0,4.0,35899,206.0,15245,7,1,5,0,,0,0,,,,,,,,,,,,,,,54609.0,44981.0,57421.0,12.0,18.0,15.0,30729.0,58032.0,91542.0,19284.0,52498.0,146047.0,243206.0,45.0,176513.0,147492.0,2.92,0,Monday
2025-03-18,2.453333333,0,1,1,0,29931.0,16.0,2.0,28364,155.0,32738,29,1,5,0,1.28,0,0,,,,,,,,,,,,,,,40363.0,54609.0,44981.0,4.0,12.0,18.0,35899.0,30729.0,58032.0,15245.0,19284.0,52498.0,309223.0,39.0,146534.0,127226.0,3.733333333,0,Tuesday
2025-03-19,2.44,0,1,1,0,73322.0,74.0,9.0,23489,155.0,27727,15,1,5,0,1.376,0,0,,,,,,,,,,,,,,,29931.0,40363.0,54609.0,2.0,4.0,12.0,28364.0,35899.0,30729.0,32738.0,15245.0,19284.0,380550.0,35.0,134827.0,144088.0,3.816,0,Wednesday
2025-03-20,2.564,0,1,1,0,110998.0,114.0,12.0,28053,108.0,32232,26,1,5,0,2.629333333,0,0,,,,,,,,,,,,,,,73322.0,29931.0,40363.0,9.0,2.0,4.0,23489.0,28364.0,35899.0,27727.0,32738.0,15245.0,456260.0,38.0,111926.0,140886.0,5.193333333,0,Thursday
2025-03-21,2.933333333,1,0,0,0,125936.0,144.0,8.0,19022,92.0,36146,20,1,5,0,1.495333333,0,0,,,,,,,,,,,,,,,110998.0,73322.0,29931.0,12.0,9.0,2.0,28053.0,23489.0,28364.0,32232.0,27727.0,32738.0,494643.0,38.0,103356.0,137949.0,4.428666666,0,Friday
2025-03-22,2.653333333,1,0,0,0,116073.0,143.0,7.0,12998,79.0,12043,6,1,5,0,1.719,0,0,,,,,,,,,,,,,,,125936.0,110998.0,73322.0,8.0,12.0,9.0,19022.0,28053.0,23489.0,36146.0,32232.0,27727.0,451477.0,34.0,99133.0,148274.0,4.372333333,0,Saturday
2025-03-23,2.428,1,1,0,0,68314.0,69.0,2.0,19794,63.0,29801,32,1,5,0,1.666666667,0,0,,,,,,,,,,,,,,,116073.0,125936.0,110998.0,7.0,8.0,12.0,12998.0,19022.0,28053.0,12043.0,36146.0,32232.0,434122.0,35.0,95095.0,147705.0,4.094666667,0,Sunday
2025-03-24,2.1,0,1,1,0,30156.0,7.0,5.0,19266,78.0,38052,33,1,5,0,1.026666667,0,0,,,,,,,,,,,,,,,68314.0,116073.0,125936.0,2.0,7.0,8.0,19794.0,12998.0,19022.0,29801.0,12043.0,36146.0,380308.0,34.0,95079.0,142077.0,3.1266666670000003,0,Monday
2025-03-25,2.434,0,1,1,0,93643.0,148.0,13.0,24015,450.0,31663,26,1,5,1,1.333333333,0,0,,,,,,,,,,,,,,,30156.0,68314.0,116073.0,5.0,2.0,7.0,19266.0,19794.0,12998.0,38052.0,29801.0,12043.0,299597.0,36.0,101188.0,163190.0,3.767333333,0,Tuesday
2025-03-26,2.466666667,0,1,1,0,72122.0,151.0,7.0,19006,197.0,30518,19,1,5,0,1.248,0,0,,,,,,,,,,,,,,,93643.0,30156.0,68314.0,13.0,5.0,2.0,24015.0,19266.0,19794.0,31663.0,38052.0,29801.0,253346.0,44.0,95250.0,137610.0,3.7146666670000004,0,Wednesday
2025-03-27,2.956,0,1,1,0,35362.0,77.0,9.0,19107,103.0,33156,23,1,5,0,1.613333333,1,0,,,,,,,,,,,,,,,72122.0,93643.0,30156.0,7.0,13.0,5.0,19006.0,24015.0,19266.0,30518.0,31663.0,38052.0,241009.0,44.0,85988.0,99819.0,4.569333332999999,1,Thursday
2025-03-28,2.589333333,0,0,1,0,22063.0,28.0,10.0,13856,70.0,4221,2,1,5,0,,0,0,,,,,,,,,,,,,,,35362.0,72122.0,93643.0,9.0,7.0,13.0,19107.0,19006.0,24015.0,33156.0,30518.0,31663.0,161683.0,43.0,89199.0,96732.0,2.589333333,0,Friday
2025-04-04,1.78,0,0,1,0,17819.0,-5.0,5.0,10004,42.0,261,0,0,5,0,,0,0,,,,,,,,,,,,,,,22063.0,35362.0,72122.0,10.0,9.0,7.0,13856.0,19107.0,19006.0,4221.0,33156.0,30518.0,180638.0,40.0,101843.0,97020.0,1.78,0,Friday
2025-04-06,1.701333333,0,1,1,1,14317.0,20.0,12.0,27226,64.0,28576,20,0,5,0,,0,0,,,,,,,,,,,,,,,17819.0,22063.0,35362.0,5.0,10.0,9.0,10004.0,13856.0,19107.0,261.0,4221.0,33156.0,292047.0,39.0,114641.0,91545.0,1.701333333,0,Sunday
2025-04-07,1.368,0,1,1,1,91077.0,86.0,4.0,31650,77.0,30806,29,0,5,0,,0,0,,,,,,,,,,,,,,,14317.0,17819.0,22063.0,12.0,5.0,10.0,27226.0,10004.0,13856.0,28576.0,261.0,4221.0,429054.0,39.0,127196.0,133116.0,1.368,0,Monday
2025-04-08,1.541333333,0,1,1,1,146771.0,224.0,8.0,31905,56.0,27681,24,0,5,0,,0,0,,,,,,,,,,,,,,,91077.0,14317.0,17819.0,4.0,12.0,5.0,31650.0,27226.0,10004.0,30806.0,28576.0,261.0,750324.0,47.0,148293.0,382509.0,1.541333333,0,Tuesday
2025-04-09,1.502666667,0,1,0,1,159070.0,221.0,10.0,26411,88.0,45792,26,0,5,0,,0,0,,,,,,,,,,,,,,,146771.0,91077.0,14317.0,8.0,4.0,12.0,31905.0,31650.0,27226.0,27681.0,30806.0,28576.0,911693.0,41.0,163745.0,515917.0,1.502666667,0,Wednesday
2025-04-11,1.725333333,0,0,1,1,339089.0,360.0,13.0,31101,179.0,249654,569,0,5,0,,0,0,,,,,,,,,,,,,,,159070.0,146771.0,91077.0,10.0,8.0,4.0,26411.0,31905.0,31650.0,45792.0,27681.0,30806.0,912191.0,44.0,192449.0,556157.0,1.725333333,0,Friday
2025-04-12,1.526666667,0,0,1,1,175686.0,210.0,6.0,42678,116.0,161984,369,0,5,0,,0,0,,,,,,,,,,,,,,,339089.0,159070.0,146771.0,13.0,10.0,8.0,31101.0,26411.0,31905.0,249654.0,45792.0,27681.0,941127.0,53.0,203222.0,542846.0,1.526666667,0,Saturday
2025-04-13,1.666666667,0,1,1,1,91575.0,68.0,7.0,60354,93.0,71046,119,0,5,0,,0,0,,,,,,,,,,,,,,,175686.0,339089.0,159070.0,6.0,13.0,10.0,42678.0,31101.0,26411.0,161984.0,249654.0,45792.0,884885.0,51.0,237165.0,526406.0,1.666666667,0,Sunday
2025-04-15,1.606666667,0,1,1,1,175707.0,82.0,17.0,42678,247.0,14370,36,0,5,0,,0,0,,,,,,,,,,,,,,,91575.0,175686.0,339089.0,7.0,6.0,13.0,60354.0,42678.0,31101.0,71046.0,161984.0,249654.0,583697.0,41.0,246718.0,327567.0,1.606666667,0,Tuesday
2025-04-16,1.624,1,1,0,1,102828.0,52.0,8.0,60354,162.0,29352,36,0,5,0,,0,0,,,,,,,,,,,,,,,175707.0,91575.0,175686.0,17.0,7.0,6.0,42678.0,60354.0,42678.0,14370.0,71046.0,161984.0,438693.0,36.0,231595.0,207042.0,1.624,0,Wednesday
2025-04-21,1.506666667,0,1,1,1,37901.0,8.0,3.0,40654,59.0,50815,38,0,5,0,,0,0,,,,,,,,,,,,,,,102828.0,175707.0,91575.0,8.0,17.0,7.0,60354.0,42678.0,60354.0,29352.0,14370.0,71046.0,379902.0,41.0,206998.0,180695.0,1.506666667,0,Monday
2025-04-22,1.338,0,1,1,1,30682.0,-3.0,1.0,27555,29.0,41459,23,0,5,0,,0,0,,,,,,,,,,,,,,,37901.0,102828.0,175707.0,3.0,8.0,17.0,40654.0,60354.0,42678.0,50815.0,29352.0,14370.0,228623.0,27.0,220886.0,238898.0,1.338,0,Tuesday
2025-04-23,1.34,0,1,1,1,32784.0,3.0,12.0,35757,36.0,44699,22,0,5,0,,0,0,,,,,,,,,,,,,,,30682.0,37901.0,102828.0,1.0,3.0,8.0,27555.0,40654.0,60354.0,41459.0,50815.0,29352.0,142390.0,27.0,219408.0,314155.0,1.34,0,Wednesday
2025-04-24,1.704,0,1,1,1,24428.0,-1.0,3.0,56566,42.0,72573,20,0,5,0,,0,0,,,,,,,,,,,,,,,32784.0,30682.0,37901.0,12.0,1.0,3.0,35757.0,27555.0,40654.0,44699.0,41459.0,50815.0,123089.0,28.0,230605.0,345242.0,1.704,0,Thursday
2025-04-25,1.730666667,0,0,1,1,16595.0,-1.0,8.0,58876,38.0,104609,29,0,5,0,,0,0,,,,,,,,,,,,,,,24428.0,32784.0,30682.0,3.0,12.0,1.0,56566.0,35757.0,27555.0,72573.0,44699.0,41459.0,107238.0,27.0,215733.0,310665.0,1.730666667,0,Friday
2025-04-26,1.353333333,0,0,1,1,18600.0,9.0,4.0,51851,49.0,81902,30,0,5,0,,0,0,,,,,,,,,,,,,,,16595.0,24428.0,32784.0,8.0,3.0,12.0,58876.0,56566.0,35757.0,104609.0,72573.0,44699.0,93479.0,17.0,194170.0,271195.0,1.353333333,0,Saturday
2025-04-27,1.205333333,0,1,1,1,14831.0,-2.0,0.0,12683,42.0,6882,23,0,5,0,,0,0,,,,,,,,,,,,,,,18600.0,16595.0,24428.0,4.0,8.0,3.0,51851.0,58876.0,56566.0,81902.0,104609.0,72573.0,89796.0,16.0,178400.0,241514.0,1.205333333,0,Sunday
2025-04-28,1.032,0,1,1,1,19025.0,9.0,2.0,14194,36.0,5229,14,0,5,0,,0,0,,,,,,,,,,,,,,,14831.0,18600.0,16595.0,0.0,4.0,8.0,12683.0,51851.0,58876.0,6882.0,81902.0,104609.0,96922.0,10.0,157310.0,160285.0,1.032,0,Monday
2025-04-29,1.104666667,0,1,1,1,20745.0,3.0,2.0,40796,47.0,42892,11,0,5,0,,0,0,,,,,,,,,,,,,,,19025.0,14831.0,18600.0,2.0,0.0,4.0,14194.0,12683.0,51851.0,5229.0,6882.0,81902.0,106164.0,9.0,137297.0,110618.0,1.104666667,0,Tuesday
2025-04-30,1.024,0,1,1,1,23721.0,8.0,2.0,37786,51.0,23380,24,0,5,0,,0,0,,,,,,,,,,,,,,,20745.0,19025.0,14831.0,2.0,2.0,0.0,40796.0,14194.0,12683.0,42892.0,5229.0,6882.0,114710.0,16.0,151887.0,137759.0,1.024,0,Wednesday
2025-05-01,1.366666667,1,1,0,0,27842.0,14.0,3.0,31838,35.0,32235,16,0,5,0,,0,1,,,,,,,,,,,,,,,23721.0,20745.0,19025.0,2.0,2.0,2.0,37786.0,40796.0,14194.0,23380.0,42892.0,5229.0,331283.0,17.0,171082.0,186630.0,1.366666667,0,Thursday
2025-05-02,1.461333333,0,0,1,1,23377.0,2.0,7.0,27273,123.0,34023,18,0,5,0,,0,0,,,,,,,,,,,,,,,27842.0,23721.0,20745.0,3.0,2.0,2.0,31838.0,37786.0,40796.0,32235.0,23380.0,42892.0,636262.0,21.0,171141.0,189156.0,1.461333333,0,Friday
2025-05-03,1.014666667,0,0,1,1,235598.0,77.0,3.0,33389,78.0,54100,19,0,5,0,,0,0,,,,,,,,,,,,,,,23377.0,27842.0,23721.0,7.0,3.0,2.0,27273.0,31838.0,37786.0,34023.0,32235.0,23380.0,842200.0,33.0,218856.0,274290.0,1.014666667,0,Saturday
2025-05-04,1.233333333,0,1,1,1,325724.0,228.0,6.0,40855,69.0,45418,23,0,5,0,,0,0,,,,,,,,,,,,,,,235598.0,23377.0,27842.0,3.0,7.0,3.0,33389.0,27273.0,31838.0,54100.0,34023.0,32235.0,929761.0,35.0,261178.0,338250.0,1.233333333,0,Sunday
2025-05-06,1.165333333,0,1,1,1,229659.0,99.0,14.0,85501,56.0,108514,9,0,5,0,,0,0,,,,,,,,,,,,,,,325724.0,235598.0,23377.0,6.0,3.0,7.0,40855.0,33389.0,27273.0,45418.0,54100.0,34023.0,1065198.0,32.0,288135.0,376525.0,1.165333333,0,Tuesday
2025-05-07,1.180666667,0,1,1,1,115403.0,44.0,5.0,74160,41.0,96195,10,0,5,0,,0,0,,,,,,,,,,,,,,,229659.0,325724.0,235598.0,14.0,6.0,3.0,85501.0,40855.0,33389.0,108514.0,45418.0,54100.0,971615.0,34.0,315035.0,409057.0,1.180666667,0,Wednesday
2025-05-08,1.264,0,1,1,1,158814.0,204.0,4.0,54230,41.0,72298,10,0,5,0,,0,0,,,,,,,,,,,,,,,115403.0,229659.0,325724.0,5.0,14.0,6.0,74160.0,85501.0,40855.0,96195.0,108514.0,45418.0,768070.0,38.0,334076.0,450328.0,1.264,0,Thursday
2025-05-09,1.350666667,0,0,1,1,142015.0,341.0,5.0,60289,28.0,86632,10,0,5,0,,0,0,,,,,,,,,,,,,,,158814.0,115403.0,229659.0,4.0,5.0,14.0,54230.0,74160.0,85501.0,72298.0,96195.0,108514.0,651460.0,27.0,293338.0,389930.0,1.350666667,0,Friday
2025-05-10,1.066666667,0,0,1,1,122179.0,323.0,10.0,59896,39.0,86689,11,0,5,0,,0,0,,,,,,,,,,,,,,,142015.0,158814.0,115403.0,5.0,4.0,5.0,60289.0,54230.0,74160.0,86632.0,72298.0,96195.0,592465.0,27.0,256687.0,342853.0,1.066666667,0,Saturday
2025-05-11,1.066666667,0,1,1,1,113049.0,359.0,3.0,44763,39.0,48116,15,0,5,0,,0,0,,,,,,,,,,,,,,,122179.0,142015.0,158814.0,10.0,5.0,4.0,59896.0,60289.0,54230.0,86689.0,86632.0,72298.0,461107.0,24.0,240894.0,320705.0,1.066666667,0,Sunday
2025-05-12,1.141333333,0,1,1,1,56408.0,189.0,5.0,37509,40.0,49118,16,0,5,0,,0,0,,,,,,,,,,,,,,,113049.0,122179.0,142015.0,3.0,10.0,5.0,44763.0,59896.0,60289.0,48116.0,86689.0,86632.0,366430.0,21.0,212243.0,267573.0,1.141333333,0,Monday
2025-05-13,1.2,0,1,1,1,27456.0,-14.0,1.0,38437,38.0,50150,13,0,5,0,,0,0,,,,,,,,,,,,,,,56408.0,113049.0,122179.0,5.0,3.0,10.0,37509.0,44763.0,59896.0,49118.0,48116.0,86689.0,337195.0,14.0,267531.0,299844.0,1.2,0,Tuesday
2025-05-14,1.181333333,0,1,1,1,47338.0,25.0,2.0,31638,66.0,33500,10,0,5,0,,0,0,,,,,,,,,,,,,,,27456.0,56408.0,113049.0,1.0,5.0,3.0,38437.0,37509.0,44763.0,50150.0,49118.0,48116.0,534735.0,18.0,359627.0,429115.0,1.181333333,0,Wednesday
2025-05-15,1.626666667,0,1,1,1,92944.0,43.0,3.0,115184,63.0,118960,5,0,5,0,0.426666667,1,0,,,,,,,,,,,,,,,47338.0,27456.0,56408.0,2.0,1.0,5.0,31638.0,38437.0,37509.0,33500.0,50150.0,49118.0,691200.0,20.0,425022.0,478926.0,2.053333334,1,Thursday
2025-05-16,1.6,0,0,1,1,310589.0,127.0,7.0,136859,59.0,177387,10,0,5,0,0.333333333,0,0,,,,,,,,,,,,,,,92944.0,47338.0,27456.0,3.0,2.0,1.0,115184.0,31638.0,38437.0,118960.0,33500.0,50150.0,880242.0,22.0,437794.0,568627.0,1.9333333330000002,0,Friday
2025-05-17,1.266666667,0,0,1,1,212873.0,156.0,7.0,102904,175.0,98929,93,0,5,1,0.16,0,0,,,,,,,,,,,,,,,310589.0,92944.0,47338.0,7.0,3.0,2.0,136859.0,115184.0,31638.0,177387.0,118960.0,33500.0,930709.0,30.0,449104.0,571732.0,1.4266666669999999,0,Saturday
2025-05-18,1.066666667,0,1,1,0,216498.0,268.0,3.0,51209,191.0,139851,537,0,5,0,,0,0,,,,,,,,,,,,,,,212873.0,310589.0,92944.0,7.0,7.0,3.0,102904.0,136859.0,115184.0,98929.0,177387.0,118960.0,997968.0,31.0,370963.0,468138.0,1.066666667,0,Sunday
2025-05-19,1.066666667,0,1,1,0,97805.0,108.0,10.0,42948,111.0,36605,151,0,5,0,,0,0,,,,,,,,,,,,,,,216498.0,212873.0,310589.0,3.0,7.0,7.0,51209.0,102904.0,136859.0,139851.0,98929.0,177387.0,898132.0,34.0,260376.0,298842.0,1.066666667,0,Monday
2025-05-20,1.066666667,0,1,1,0,160203.0,176.0,4.0,37043,111.0,15366,64,0,5,0,,0,0,,,,,,,,,,,,,,,97805.0,216498.0,212873.0,10.0,3.0,7.0,42948.0,51209.0,102904.0,36605.0,139851.0,98929.0,802394.0,33.0,184721.0,205411.0,1.066666667,0,Tuesday
2025-05-21,1.066666667,0,1,1,0,210753.0,107.0,10.0,26272,62.0,8091,40,0,5,0,,0,0,,,,,,,,,,,,,,,160203.0,97805.0,216498.0,4.0,10.0,3.0,37043.0,42948.0,51209.0,15366.0,36605.0,139851.0,678547.0,51.0,198032.0,75864.0,1.066666667,0,Wednesday
2025-05-22,1.066666667,0,1,1,0,117135.0,75.0,6.0,27249,51.0,5498,23,0,5,0,,0,0,,,,,,,,,,,,,,,210753.0,160203.0,97805.0,10.0,4.0,10.0,26272.0,37043.0,42948.0,8091.0,15366.0,36605.0,690532.0,41.0,229874.0,53010.0,1.066666667,0,Thursday
2025-05-23,1.165333333,0,0,1,0,92651.0,63.0,21.0,64520,101.0,10304,14,0,5,0,,0,0,,,,,,,,,,,,,,,117135.0,210753.0,160203.0,6.0,10.0,4.0,27249.0,26272.0,37043.0,5498.0,8091.0,15366.0,699567.0,40.0,279126.0,53674.0,1.165333333,0,Friday
2025-05-24,1.433333333,0,0,1,1,109790.0,65.0,0.0,74790,190.0,13751,22,0,5,0,,0,0,,,,,,,,,,,,,,,92651.0,117135.0,210753.0,21.0,6.0,10.0,64520.0,27249.0,26272.0,10304.0,5498.0,8091.0,679142.0,42.0,292749.0,52497.0,1.433333333,0,Saturday
2025-05-25,1.298666667,0,1,1,1,169238.0,108.0,3.0,86295,206.0,16030,26,0,5,0,,0,0,,,,,,,,,,,,,,,109790.0,92651.0,117135.0,0.0,21.0,6.0,74790.0,64520.0,27249.0,13751.0,10304.0,5498.0,667817.0,48.0,287330.0,51199.0,1.298666667,0,Sunday
2025-05-28,1.6,0,1,0,1,190328.0,117.0,12.0,39895,86.0,6914,16,0,5,0,,0,0,,,,,,,,,,,,,,,169238.0,109790.0,92651.0,3.0,0.0,21.0,86295.0,74790.0,64520.0,16030.0,13751.0,10304.0,663839.0,31.0,239174.0,43810.0,1.6,0,Wednesday
2025-05-30,1.046666667,0,0,0,1,105810.0,11.0,12.0,21830,61.0,4200,10,0,5,0,,0,0,,,,,,,,,,,,,,,190328.0,169238.0,109790.0,12.0,3.0,0.0,39895.0,86295.0,74790.0,6914.0,16030.0,13751.0,626204.0,36.0,180324.0,32394.0,1.046666667,0,Friday
2025-05-31,1.066666667,0,0,0,1,88673.0,12.0,4.0,16364,52.0,2915,24,0,5,0,,0,0,,,,,,,,,,,,,,,105810.0,190328.0,169238.0,12.0,12.0,3.0,21830.0,39895.0,86295.0,4200.0,6914.0,16030.0,521115.0,51.0,113699.0,19777.0,1.066666667,0,Saturday
2025-06-01,0.731333333,0,1,0,1,72155.0,9.0,5.0,15940,41.0,2335,12,0,5,0,,0,1,,,,,,,,,,,,,,,88673.0,105810.0,190328.0,4.0,12.0,12.0,16364.0,21830.0,39895.0,2915.0,4200.0,6914.0,379717.0,39.0,125924.0,50808.0,0.731333333,0,Sunday
2025-06-02,1.017333333,0,1,0,1,64149.0,3.0,18.0,19670,44.0,3413,13,0,5,0,,0,0,,,,,,,,,,,,,,,72155.0,88673.0,105810.0,5.0,4.0,12.0,15940.0,16364.0,21830.0,2335.0,2915.0,4200.0,312859.0,28.0,160049.0,85640.0,1.017333333,0,Monday
2025-06-03,0.967181333,0,1,0,1,48930.0,15.0,0.0,52120,46.0,37945,15,0,5,0,,0,0,,,,,,,,,,,,,,,64149.0,72155.0,88673.0,18.0,5.0,4.0,19670.0,15940.0,16364.0,3413.0,2335.0,2915.0,300245.0,28.0,178002.0,107300.0,0.967181333,0,Tuesday
2025-06-04,0.967181333,0,1,0,1,38952.0,1.0,1.0,55955,57.0,39032,8,0,5,0,,0,0,,,,,,,,,,,,,,,48930.0,64149.0,72155.0,0.0,18.0,5.0,52120.0,19670.0,15940.0,37945.0,3413.0,2335.0,263246.0,26.0,187534.0,128543.0,0.967181333,0,Wednesday
2025-06-05,1.248666667,0,1,0,0,76059.0,30.0,4.0,34317,56.0,24575,11,0,5,0,,0,0,,,,,,,,,,,,,,,38952.0,48930.0,64149.0,1.0,0.0,18.0,55955.0,52120.0,19670.0,39032.0,37945.0,3413.0,242520.0,10.0,180956.0,129121.0,1.248666667,0,Thursday
2025-06-06,0.967181333,1,0,0,0,35156.0,-1.0,3.0,25472,21.0,23578,18,0,5,0,,0,0,,,,,,,,,,,,,,,76059.0,38952.0,48930.0,4.0,1.0,0.0,34317.0,55955.0,52120.0,24575.0,39032.0,37945.0,219477.0,26.0,137953.0,95042.0,0.967181333,0,Friday
2025-06-07,0.967181333,1,0,0,0,43423.0,6.0,2.0,13092,26.0,3991,12,0,5,0,,0,0,,,,,,,,,,,,,,,35156.0,76059.0,38952.0,3.0,4.0,1.0,25472.0,34317.0,55955.0,23578.0,24575.0,39032.0,215641.0,29.0,100031.0,59589.0,0.967181333,0,Saturday
2025-06-08,0.967181333,1,1,0,0,25887.0,-1.0,16.0,9117,36.0,3866,20,0,5,0,,0,0,,,,,,,,,,,,,,,43423.0,35156.0,76059.0,2.0,3.0,4.0,13092.0,25472.0,34317.0,3991.0,23578.0,24575.0,173756.0,26.0,79313.0,37866.0,0.967181333,0,Sunday
2025-06-09,1.115333333,1,1,0,0,35116.0,4.0,4.0,18033,33.0,3579,11,0,5,0,,0,0,,,,,,,,,,,,,,,25887.0,43423.0,35156.0,16.0,2.0,3.0,9117.0,13092.0,25472.0,3866.0,3991.0,23578.0,178992.0,32.0,72972.0,18157.0,1.115333333,0,Monday
2025-06-10,0.809333333,0,1,0,0,34174.0,7.0,1.0,13599,31.0,2852,8,0,5,0,,0,0,,,,,,,,,,,,,,,35116.0,25887.0,43423.0,4.0,16.0,2.0,18033.0,9117.0,13092.0,3579.0,3866.0,3991.0,173678.0,32.0,74258.0,17032.0,0.809333333,0,Tuesday
2025-06-11,1.001333333,0,1,0,0,40392.0,-8.0,9.0,19131,36.0,3869,8,0,5,0,,0,0,,,,,,,,,,,,,,,34174.0,35116.0,25887.0,1.0,4.0,16.0,13599.0,18033.0,9117.0,2852.0,3579.0,3866.0,176570.0,17.0,75162.0,15185.0,1.001333333,0,Wednesday
2025-06-12,0.973333333,0,1,0,0,38109.0,5.0,2.0,14378,36.0,2866,11,0,5,0,,0,0,,,,,,,,,,,,,,,40392.0,34174.0,35116.0,9.0,1.0,4.0,19131.0,13599.0,18033.0,3869.0,2852.0,3579.0,197642.0,17.0,93225.0,15363.0,0.973333333,0,Thursday
2025-06-13,0.906666667,0,0,0,0,28779.0,3.0,1.0,10021,45.0,2019,11,0,5,0,,0,0,,,,,,,,,,,,,,,38109.0,40392.0,34174.0,2.0,9.0,1.0,14378.0,19131.0,13599.0,2866.0,3869.0,2852.0,349482.0,31.0,117599.0,22262.0,0.906666667,0,Friday
2025-06-14,0.953333333,0,0,0,0,56188.0,42.0,4.0,36096,666.0,3757,13,0,5,1,,0,0,,,,,,,,,,,,,,,28779.0,38109.0,40392.0,1.0,2.0,9.0,10021.0,14378.0,19131.0,2019.0,2866.0,3869.0,402136.0,27.0,120841.0,27430.0,0.953333333,0,Saturday
2025-06-15,0.953333333,0,1,0,0,186014.0,234.0,15.0,37973,369.0,9751,27,0,5,0,,0,0,,,,,,,,,,,,,,,56188.0,28779.0,38109.0,4.0,1.0,2.0,36096.0,10021.0,14378.0,3757.0,2019.0,2866.0,439506.0,27.0,128882.0,91233.0,0.953333333,0,Sunday
2025-06-16,0.967181333,0,1,0,0,93046.0,88.0,5.0,22373,143.0,9037,20,0,5,0,,0,0,,,,,,,,,,,,,,,186014.0,56188.0,28779.0,15.0,4.0,1.0,37973.0,36096.0,10021.0,9751.0,3757.0,2019.0,474776.0,32.0,143299.0,158930.0,0.967181333,0,Monday
2025-06-17,0.993333333,0,1,0,0,75479.0,58.0,2.0,22419,108.0,66669,106,0,5,0,,0,0,,,,,,,,,,,,,,,93046.0,186014.0,56188.0,5.0,15.0,4.0,22373.0,37973.0,36096.0,9037.0,9751.0,3757.0,464515.0,32.0,150340.0,216018.0,0.993333333,0,Tuesday
2025-06-18,0.925333333,0,1,0,0,64049.0,26.0,6.0,24438,94.0,69716,110,0,5,0,,0,0,,,,,,,,,,,,,,,75479.0,93046.0,186014.0,2.0,5.0,15.0,22419.0,22373.0,37973.0,66669.0,9037.0,9751.0,315221.0,24.0,158357.0,265348.0,0.925333333,0,Wednesday
2025-06-19,0.993333333,0,1,0,0,45927.0,7.0,4.0,43137,73.0,60845,66,0,5,0,,0,0,,,,,,,,,,,,,,,64049.0,75479.0,93046.0,6.0,2.0,5.0,24438.0,22419.0,22373.0,69716.0,66669.0,9037.0,256357.0,23.0,198407.0,305165.0,0.993333333,0,Thursday
2025-06-20,1.0,0,0,0,0,36720.0,5.0,7.0,45990,58.0,59081,87,0,5,0,,0,0,,,,,,,,,,,,,,,45927.0,64049.0,75479.0,4.0,6.0,2.0,43137.0,24438.0,22419.0,60845.0,69716.0,66669.0,203732.0,22.0,235212.0,286905.0,1.0,0,Friday
2025-06-21,0.967181333,0,0,0,0,34182.0,13.0,4.0,62423,70.0,48854,53,0,5,0,,0,0,,,,,,,,,,,,,,,36720.0,45927.0,64049.0,7.0,4.0,6.0,45990.0,43137.0,24438.0,59081.0,60845.0,69716.0,186767.0,21.0,281128.0,246360.0,0.967181333,0,Saturday
2025-06-22,0.967181333,0,1,0,0,22854.0,-4.0,1.0,59224,41.0,48409,49,0,5,0,,0,0,,,,,,,,,,,,,,,34182.0,36720.0,45927.0,4.0,7.0,4.0,62423.0,45990.0,43137.0,48854.0,59081.0,60845.0,196978.0,18.0,324046.0,247663.0,0.967181333,0,Sunday
2025-06-23,0.860666667,0,1,0,0,47084.0,17.0,5.0,70354,88.0,29171,54,0,5,0,,0,0,,,,,,,,,,,,,,,22854.0,34182.0,36720.0,1.0,4.0,7.0,59224.0,62423.0,45990.0,48409.0,48854.0,59081.0,368070.0,13.0,406767.0,494423.0,0.860666667,0,Monday
2025-06-24,0.908666667,0,1,0,0,56138.0,20.0,1.0,86055,149.0,62148,112,0,5,0,,0,0,,,,,,,,,,,,,,,47084.0,22854.0,34182.0,5.0,1.0,4.0,70354.0,59224.0,62423.0,29171.0,48409.0,48854.0,433189.0,11.0,404246.0,675647.0,0.908666667,0,Tuesday
2025-06-25,0.972,0,1,0,0,207812.0,104.0,2.0,128711,216.0,305841,707,0,5,0,,0,0,,,,,,,,,,,,,,,56138.0,47084.0,22854.0,1.0,5.0,1.0,86055.0,70354.0,59224.0,62148.0,29171.0,48409.0,495944.0,12.0,382992.0,693916.0,0.972,0,Wednesday
2025-06-26,0.961333333,0,1,0,0,99301.0,11.0,2.0,59902,103.0,230078,463,0,5,0,,0,0,,,,,,,,,,,,,,,207812.0,56138.0,47084.0,2.0,1.0,5.0,128711.0,86055.0,70354.0,305841.0,62148.0,29171.0,484259.0,14.0,344726.0,703377.0,0.961333333,0,Thursday
2025-06-27,1.188,0,0,0,0,85609.0,21.0,2.0,37970,91.0,66678,124,0,5,0,,0,0,,,,,,,,,,,,,,,99301.0,207812.0,56138.0,2.0,2.0,1.0,59902.0,128711.0,86055.0,230078.0,305841.0,62148.0,455693.0,13.0,290000.0,670074.0,1.188,0,Friday
2025-06-28,0.841333333,0,0,0,0,35399.0,0.0,7.0,32088,66.0,38632,62,0,5,0,,0,0,,,,,,,,,,,,,,,85609.0,99301.0,207812.0,2.0,2.0,2.0,37970.0,59902.0,128711.0,66678.0,230078.0,305841.0,284175.0,14.0,199827.0,395423.0,0.841333333,0,Saturday
2025-06-29,1.046666667,0,1,0,0,27572.0,1.0,0.0,31329,75.0,28845,25,0,5,0,,0,0,,,,,,,,,,,,,,,35399.0,85609.0,99301.0,7.0,2.0,2.0,32088.0,37970.0,59902.0,38632.0,66678.0,230078.0,215437.0,17.0,180329.0,180904.0,1.046666667,0,Sunday
2025-06-30,0.877333333,0,1,0,0,36294.0,8.0,3.0,38538,82.0,31190,48,0,5,0,,0,0,,,,,,,,,,,,,,,27572.0,35399.0,85609.0,0.0,7.0,2.0,31329.0,32088.0,37970.0,28845.0,38632.0,66678.0,172787.0,16.0,179623.0,126242.0,0.877333333,0,Monday
2025-07-01,0.666666667,0,1,0,0,30563.0,6.0,5.0,40404,88.0,15559,24,0,5,0,,0,1,,,,,,,,,,,,,,,36294.0,27572.0,35399.0,3.0,0.0,7.0,38538.0,31329.0,32088.0,31190.0,28845.0,38632.0,173554.0,12.0,177468.0,97398.0,0.666666667,0,Tuesday
2025-07-02,0.954666667,0,1,0,0,42959.0,18.0,1.0,37264,65.0,12016,26,0,5,0,,0,0,,,,,,,,,,,,,,,30563.0,36294.0,27572.0,5.0,3.0,0.0,40404.0,38538.0,31329.0,15559.0,31190.0,28845.0,187308.0,16.0,173727.0,77977.0,0.954666667,0,Wednesday
2025-07-03,0.839666667,0,1,0,0,36166.0,0.0,3.0,29933,51.0,9788,13,0,5,0,,0,0,,,,,,,,,,,,,,,42959.0,30563.0,36294.0,1.0,5.0,3.0,37264.0,40404.0,38538.0,12016.0,15559.0,31190.0,185773.0,16.0,187490.0,73537.0,0.839666667,0,Thursday
2025-07-04,0.853333333,0,0,0,0,41326.0,4.0,4.0,27588,34.0,9424,19,0,5,0,,0,0,,,,,,,,,,,,,,,36166.0,42959.0,30563.0,3.0,1.0,5.0,29933.0,37264.0,40404.0,9788.0,12016.0,15559.0,187104.0,11.0,228298.0,98713.0,0.853333333,0,Friday
2025-07-05,0.93,0,0,0,0,34759.0,18.0,3.0,52301,118.0,26750,31,0,5,0,,0,0,,,,,,,,,,,,,,,41326.0,36166.0,42959.0,4.0,3.0,1.0,27588.0,29933.0,37264.0,9424.0,9788.0,12016.0,188622.0,13.0,277228.0,118831.0,0.93,0,Saturday
2025-07-06,1.02,0,1,0,0,31894.0,8.0,0.0,81212,220.0,40735,38,0,5,0,,0,0,,,,,,,,,,,,,,,34759.0,41326.0,36166.0,3.0,4.0,3.0,52301.0,27588.0,29933.0,26750.0,9424.0,9788.0,204228.0,12.0,312826.0,147701.0,1.02,0,Sunday
2025-07-07,0.690666667,0,1,0,0,44477.0,16.0,3.0,86194,173.0,32134,19,0,5,0,,0,0,,,,,,,,,,,,,,,31894.0,34759.0,41326.0,0.0,3.0,4.0,81212.0,52301.0,27588.0,40735.0,26750.0,9424.0,213825.0,10.0,313066.0,156423.0,0.690666667,0,Monday
2025-07-08,0.864666667,0,1,0,0,51772.0,29.0,2.0,65531,102.0,38658,24,0,5,0,,0,0,,,,,,,,,,,,,,,44477.0,31894.0,34759.0,3.0,0.0,3.0,86194.0,81212.0,52301.0,32134.0,40735.0,26750.0,221361.0,10.0,292700.0,139640.0,0.864666667,0,Tuesday
2025-07-09,0.853333333,0,1,0,0,50923.0,18.0,2.0,27828,60.0,18146,12,0,5,0,,0,0,,,,,,,,,,,,,,,51772.0,44477.0,31894.0,2.0,3.0,0.0,65531.0,86194.0,81212.0,38658.0,32134.0,40735.0,230219.0,14.0,239506.0,107754.0,0.853333333,0,Wednesday
2025-07-10,0.831666667,0,1,0,0,42295.0,25.0,3.0,31935,60.0,9967,12,0,5,0,,0,0,,,,,,,,,,,,,,,50923.0,51772.0,44477.0,2.0,2.0,3.0,27828.0,65531.0,86194.0,18146.0,38658.0,32134.0,229104.0,16.0,216032.0,85043.0,0.831666667,0,Thursday
2025-07-11,0.713333333,0,0,0,0,40752.0,16.0,4.0,28018,76.0,8849,10,0,5,0,,0,0,,,,,,,,,,,,,,,42295.0,50923.0,51772.0,3.0,2.0,2.0,31935.0,27828.0,65531.0,9967.0,18146.0,38658.0,205326.0,16.0,201221.0,51663.0,0.713333333,0,Friday
2025-07-12,0.738666667,0,0,0,0,43362.0,13.0,5.0,62720,78.0,9423,14,0,5,0,,0,0,,,,,,,,,,,,,,,40752.0,42295.0,50923.0,4.0,3.0,2.0,28018.0,31935.0,27828.0,8849.0,9967.0,18146.0,303290.0,23.0,312985.0,118404.0,0.738666667,0,Saturday
2025-07-13,0.822666667,0,1,0,0,27994.0,12.0,2.0,50720,99.0,5278,7,0,5,0,,0,0,,,,,,,,,,,,,,,43362.0,40752.0,42295.0,5.0,4.0,3.0,62720.0,28018.0,31935.0,9423.0,8849.0,9967.0,777872.0,65.0,561060.0,1002265.0,0.822666667,0,Sunday
2025-07-14,0.754,1,1,0,0,148887.0,224.0,9.0,139592,444.0,84887,171,0,5,0,,0,0,,,,,,,,,,,,,,,27994.0,43362.0,40752.0,2.0,5.0,4.0,50720.0,62720.0,28018.0,5278.0,9423.0,8849.0,1008280.0,72.0,708439.0,1144624.0,0.754,0,Monday
2025-07-15,1.556,0,1,0,0,516877.0,1117.0,45.0,280010,1202.0,893828,2181,0,5,0,,0,0,,,,,,,,,,,,,,,148887.0,27994.0,43362.0,9.0,2.0,5.0,139592.0,50720.0,62720.0,84887.0,5278.0,9423.0,1103059.0,74.0,771239.0,1188550.0,1.556,0,Tuesday
2025-07-16,1.517333333,0,1,0,0,271160.0,161.0,11.0,175397,664.0,151208,424,0,5,0,,0,0,,,,,,,,,,,,,,,516877.0,148887.0,27994.0,45.0,9.0,2.0,280010.0,139592.0,50720.0,893828.0,84887.0,5278.0,1191049.0,80.0,786926.0,1213708.0,1.517333333,0,Wednesday
2025-07-17,1.546,0,1,0,0,138141.0,86.0,7.0,125520,339.0,53349,123,0,5,0,,0,0,,,,,,,,,,,,,,,271160.0,516877.0,148887.0,11.0,45.0,9.0,175397.0,280010.0,139592.0,151208.0,893828.0,84887.0,1135979.0,87.0,705865.0,1168474.0,1.546,0,Thursday
2025-07-19,1.626666667,0,0,0,0,115984.0,85.0,8.0,66407,167.0,30436,62,0,5,0,,0,0,,,,,,,,,,,,,,,138141.0,271160.0,516877.0,7.0,11.0,45.0,125520.0,175397.0,280010.0,53349.0,151208.0,893828.0,717491.0,45.0,483310.0,340144.0,1.626666667,0,Saturday
2025-07-20,1.253333333,0,1,0,0,93817.0,67.0,16.0,58531,149.0,39653,96,0,5,0,,0,0,,,,,,,,,,,,,,,115984.0,138141.0,271160.0,8.0,7.0,11.0,66407.0,125520.0,175397.0,30436.0,53349.0,151208.0,555188.0,38.0,357795.0,248675.0,1.253333333,0,Sunday
2025-07-21,0.893333333,0,1,0,0,98389.0,79.0,3.0,57455,134.0,65498,94,0,5,0,,0,0,,,,,,,,,,,,,,,93817.0,115984.0,138141.0,16.0,8.0,7.0,58531.0,66407.0,125520.0,39653.0,30436.0,53349.0,504177.0,43.0,306118.0,248241.0,0.893333333,0,Monday
2025-07-22,0.7,0,1,0,0,108857.0,82.0,4.0,49882,127.0,59739,67,0,5,0,,0,0,,,,,,,,,,,,,,,98389.0,93817.0,115984.0,3.0,16.0,8.0,57455.0,58531.0,66407.0,65498.0,39653.0,30436.0,494266.0,37.0,326917.0,261378.0,0.7,0,Tuesday
2025-07-23,1.186666667,0,1,0,0,87130.0,56.0,12.0,73843,137.0,52915,32,0,5,0,,0,0,,,,,,,,,,,,,,,108857.0,98389.0,93817.0,4.0,3.0,16.0,49882.0,57455.0,58531.0,59739.0,65498.0,39653.0,498787.0,28.0,331008.0,249595.0,1.186666667,0,Wednesday
2025-07-24,0.98,0,1,0,0,106073.0,65.0,2.0,87206,192.0,43573,30,0,5,0,,0,0,,,,,,,,,,,,,,,87130.0,108857.0,98389.0,12.0,4.0,3.0,73843.0,49882.0,57455.0,52915.0,59739.0,65498.0,505934.0,27.0,329104.0,208509.0,0.98,0,Thursday
2025-07-25,0.966666667,0,0,0,0,98338.0,60.0,7.0,62622,175.0,27870,24,0,5,0,,1,0,,,,,,,,,,,,,,,106073.0,87130.0,108857.0,2.0,12.0,4.0,87206.0,73843.0,49882.0,43573.0,52915.0,59739.0,457701.0,30.0,345569.0,176305.0,0.966666667,1,Friday
2025-07-26,1.266666667,0,0,0,0,105536.0,63.0,2.0,55551,192.0,24412,18,0,5,0,,0,0,,,,,,,,,,,,,,,98338.0,106073.0,87130.0,7.0,2.0,12.0,62622.0,87206.0,73843.0,27870.0,43573.0,52915.0,428538.0,22.0,321486.0,149928.0,1.266666667,0,Saturday
2025-07-27,1.109333333,0,1,0,0,60624.0,33.0,7.0,66347,174.0,27535,23,0,5,0,,0,0,,,,,,,,,,,,,,,105536.0,98338.0,106073.0,2.0,7.0,2.0,55551.0,62622.0,87206.0,24412.0,27870.0,43573.0,371481.0,26.0,281839.0,132174.0,1.109333333,0,Sunday
2025-07-28,1.133333333,0,1,0,0,57967.0,54.0,4.0,49760,132.0,26538,24,0,5,0,,0,0,,,,,,,,,,,,,,,60624.0,105536.0,98338.0,7.0,2.0,7.0,66347.0,55551.0,62622.0,27535.0,24412.0,27870.0,374924.0,28.0,260922.0,128875.0,1.133333333,0,Monday
2025-07-29,1.25,0,1,0,0,49016.0,10.0,6.0,47559,159.0,25819,27,0,5,0,,0,0,,,,,,,,,,,,,,,57967.0,60624.0,105536.0,4.0,7.0,2.0,49760.0,66347.0,55551.0,26538.0,27535.0,24412.0,338808.0,29.0,255462.0,140535.0,1.25,0,Tuesday
2025-07-30,0.865333333,0,1,0,0,101781.0,72.0,9.0,41705,118.0,24571,23,0,5,0,,0,0,,,,,,,,,,,,,,,49016.0,57967.0,60624.0,6.0,4.0,7.0,47559.0,49760.0,66347.0,25819.0,26538.0,27535.0,314432.0,27.0,278701.0,222994.0,0.865333333,0,Wednesday
2025-07-31,1.213333333,0,1,0,0,69420.0,48.0,3.0,50091,102.0,36072,33,0,5,0,,0,0,,,,,,,,,,,,,,,101781.0,49016.0,57967.0,9.0,6.0,4.0,41705.0,47559.0,49760.0,24571.0,25819.0,26538.0,293653.0,29.0,299964.0,293968.0,1.213333333,0,Thursday
2025-08-01,1.353333333,0,0,0,0,36248.0,22.0,5.0,89586,161.0,109994,46,0,5,0,,0,1,,,,,,,,,,,,,,,69420.0,101781.0,49016.0,3.0,9.0,6.0,50091.0,41705.0,47559.0,36072.0,24571.0,25819.0,287881.0,25.0,316999.0,346420.0,1.353333333,0,Friday
2025-08-02,1.242666667,0,0,0,0,37188.0,12.0,6.0,71023,143.0,97512,38,0,5,0,,0,0,,,,,,,,,,,,,,,36248.0,69420.0,101781.0,5.0,3.0,9.0,89586.0,50091.0,41705.0,109994.0,36072.0,24571.0,218026.0,18.0,313747.0,345508.0,1.242666667,0,Saturday
2025-08-03,1.374666667,0,1,0,0,43244.0,18.0,2.0,64594,147.0,78271,40,0,5,0,,0,0,,,,,,,,,,,,,,,37188.0,36248.0,69420.0,6.0,5.0,3.0,71023.0,89586.0,50091.0,97512.0,109994.0,36072.0,179699.0,16.0,300202.0,330811.0,1.374666667,0,Sunday
2025-08-04,1.12,0,1,0,0,31926.0,14.0,2.0,38453,114.0,23659,36,0,5,0,,0,0,,,,,,,,,,,,,,,43244.0,37188.0,36248.0,2.0,6.0,5.0,64594.0,71023.0,89586.0,78271.0,97512.0,109994.0,169748.0,13.0,236319.0,226543.0,1.12,0,Monday
2025-08-05,1.04,0,1,0,0,31093.0,23.0,1.0,36546,88.0,21375,40,0,5,0,,0,0,,,,,,,,,,,,,,,31926.0,43244.0,37188.0,2.0,2.0,6.0,38453.0,64594.0,71023.0,23659.0,78271.0,97512.0,291861.0,10.0,200340.0,135220.0,1.04,0,Tuesday
2025-08-06,1.019333333,0,1,0,0,26297.0,6.0,2.0,25703,99.0,5726,7,0,5,0,,0,0,,,,,,,,,,,,,,,31093.0,31926.0,43244.0,1.0,2.0,2.0,36546.0,38453.0,64594.0,21375.0,23659.0,78271.0,456514.0,12.0,193985.0,102148.0,1.019333333,0,Wednesday
2025-08-07,0.977333333,0,1,0,0,159301.0,117.0,3.0,35044,86.0,6189,8,0,5,0,,0,0,,,,,,,,,,,,,,,26297.0,31093.0,31926.0,2.0,1.0,2.0,25703.0,36546.0,38453.0,5726.0,21375.0,23659.0,649094.0,14.0,213405.0,121954.0,0.977333333,0,Thursday
2025-08-08,1.146666667,0,0,0,0,207897.0,130.0,4.0,58239,89.0,45199,21,0,5,0,,0,0,,,,,,,,,,,,,,,159301.0,26297.0,31093.0,3.0,2.0,1.0,35044.0,25703.0,36546.0,6189.0,5726.0,21375.0,797502.0,16.0,284715.0,212537.0,1.146666667,0,Friday
2025-08-09,1.053333333,0,0,0,0,224506.0,155.0,4.0,57873,87.0,43465,14,0,5,0,,0,0,,,,,,,,,,,,,,,207897.0,159301.0,26297.0,4.0,3.0,2.0,58239.0,35044.0,25703.0,45199.0,6189.0,5726.0,935313.0,15.0,284417.0,214651.0,1.053333333,0,Saturday
2025-08-10,1.045333333,0,1,0,0,179501.0,133.0,3.0,107856,105.0,111958,9,0,5,0,,0,0,,,,,,,,,,,,,,,224506.0,207897.0,159301.0,4.0,4.0,3.0,57873.0,58239.0,35044.0,43465.0,45199.0,6189.0,877525.0,13.0,274676.0,211615.0,1.045333333,0,Sunday
2025-08-11,0.944,0,1,0,0,164108.0,104.0,1.0,25405,89.0,7840,6,0,5,0,,0,0,,,,,,,,,,,,,,,179501.0,224506.0,207897.0,3.0,4.0,4.0,107856.0,57873.0,58239.0,111958.0,43465.0,45199.0,731807.0,12.0,252719.0,170585.0,0.944,0,Monday
2025-08-12,1.066666667,0,1,0,0,101513.0,67.0,1.0,25303,86.0,3153,4,0,5,0,,0,0,,,,,,,,,,,,,,,164108.0,179501.0,224506.0,1.0,3.0,4.0,25405.0,107856.0,57873.0,7840.0,111958.0,43465.0,548006.0,9.0,233620.0,132162.0,1.066666667,0,Tuesday
2025-08-13,1.25,0,1,0,0,62179.0,38.0,3.0,36282,86.0,4169,4,0,5,0,,0,0,,,,,,,,,,,,,,,101513.0,164108.0,179501.0,1.0,1.0,3.0,25303.0,25405.0,107856.0,3153.0,7840.0,111958.0,418035.0,8.0,178500.0,26433.0,1.25,0,Wednesday
2025-08-14,0.98,0,1,0,0,40705.0,13.0,1.0,38774,82.0,5042,7,0,5,0,,0,0,,,,,,,,,,,,,,,62179.0,101513.0,164108.0,3.0,1.0,1.0,36282.0,25303.0,25405.0,4169.0,3153.0,7840.0,318647.0,17.0,195005.0,23881.0,0.98,0,Thursday
2025-08-15,1.136666667,0,0,0,0,49530.0,24.0,2.0,52736,98.0,6229,8,0,5,0,,0,0,,,,,,,,,,,,,,,40705.0,62179.0,101513.0,1.0,3.0,1.0,38774.0,36282.0,25303.0,5042.0,4169.0,3153.0,300427.0,19.0,219325.0,27303.0,1.136666667,0,Friday
2025-08-16,1.188,0,0,0,0,64720.0,44.0,10.0,41910,120.0,5288,4,0,5,0,,0,0,,,,,,,,,,,,,,,49530.0,40705.0,62179.0,2.0,1.0,3.0,52736.0,38774.0,36282.0,6229.0,5042.0,4169.0,384082.0,18.0,246006.0,28138.0,1.188,0,Saturday
2025-08-17,1.106666667,0,1,0,0,83293.0,62.0,3.0,49623,294.0,6575,5,0,5,1,,0,0,,,,,,,,,,,,,,,64720.0,49530.0,40705.0,10.0,2.0,1.0,41910.0,52736.0,38774.0,5288.0,6229.0,5042.0,448433.0,21.0,281257.0,28993.0,1.106666667,0,Sunday
2025-08-18,0.946666667,0,1,0,0,145834.0,121.0,2.0,62963,231.0,5004,11,0,5,0,,0,0,,,,,,,,,,,,,,,83293.0,64720.0,49530.0,3.0,10.0,2.0,49623.0,41910.0,52736.0,6575.0,5288.0,6229.0,492095.0,22.0,404002.0,29016.0,0.946666667,0,Monday
2025-08-19,1.022666667,0,1,0,0,105056.0,20.0,4.0,74025,140.0,5897,8,0,5,0,,0,0,,,,,,,,,,,,,,,145834.0,83293.0,64720.0,2.0,3.0,10.0,62963.0,49623.0,41910.0,5004.0,6575.0,5288.0,470828.0,12.0,452233.0,30220.0,1.022666667,0,Tuesday
2025-08-20,1.073333333,0,1,0,0,93192.0,23.0,3.0,175481,411.0,6252,16,0,5,0,,0,0,,,,,,,,,,,,,,,105056.0,145834.0,83293.0,4.0,2.0,3.0,74025.0,62963.0,49623.0,5897.0,5004.0,6575.0,600837.0,16.0,489436.0,37151.0,1.073333333,0,Wednesday
2025-08-21,1.006666667,0,1,0,0,43453.0,9.0,0.0,90141,171.0,6492,15,0,5,0,,0,0,,,,,,,,,,,,,,,93192.0,105056.0,145834.0,3.0,4.0,2.0,175481.0,74025.0,62963.0,6252.0,5897.0,5004.0,1047968.0,16.0,509132.0,44500.0,1.006666667,0,Thursday
2025-08-22,1.262666667,0,0,0,0,213302.0,99.0,7.0,86826,139.0,13506,22,0,5,0,,0,0,,,,,,,,,,,,,,,43453.0,93192.0,105056.0,0.0,3.0,4.0,90141.0,175481.0,74025.0,6492.0,6252.0,5897.0,1195318.0,12.0,503701.0,52005.0,1.262666667,0,Friday
2025-08-23,1.014666667,0,0,0,0,592965.0,265.0,2.0,82659,153.0,12353,22,0,5,0,,0,0,,,,,,,,,,,,,,,213302.0,43453.0,93192.0,7.0,0.0,3.0,86826.0,90141.0,175481.0,13506.0,6492.0,6252.0,1327968.0,13.0,375495.0,56153.0,1.014666667,0,Saturday
2025-08-24,1.026666667,0,1,0,0,252406.0,88.0,0.0,68594,112.0,13402,25,0,5,0,,0,0,,,,,,,,,,,,,,,592965.0,213302.0,43453.0,2.0,7.0,0.0,82659.0,86826.0,90141.0,12353.0,13506.0,6492.0,1452416.0,19.0,328519.0,56437.0,1.026666667,0,Sunday
2025-08-25,0.993333333,0,1,0,0,225842.0,81.0,4.0,47275,119.0,10400,24,0,5,0,,0,0,,,,,,,,,,,,,,,252406.0,592965.0,213302.0,0.0,2.0,7.0,68594.0,82659.0,86826.0,13402.0,12353.0,13506.0,1362260.0,15.0,293255.0,51489.0,0.993333333,0,Monday
2025-08-27,0.92,0,1,0,0,167901.0,112.0,6.0,43165,99.0,6776,12,0,4,0,,0,0,,,,,,,,,,,,,,,225842.0,252406.0,592965.0,4.0,0.0,2.0,47275.0,68594.0,82659.0,10400.0,13402.0,12353.0,912714.0,18.0,266434.0,61596.0,0.92,0,Wednesday
2025-08-28,1.058666667,0,1,0,0,123146.0,55.0,3.0,51562,98.0,8558,16,0,4,0,,0,0,,,,,,,,,,,,,,,167901.0,225842.0,252406.0,6.0,4.0,0.0,43165.0,47275.0,68594.0,6776.0,10400.0,13402.0,793413.0,23.0,247274.0,66135.0,1.058666667,0,Thursday
2025-08-29,1.158666667,0,0,0,0,143419.0,56.0,5.0,55838,96.0,22460,51,0,4,0,,0,0,,,,,,,,,,,,,,,123146.0,167901.0,225842.0,3.0,6.0,4.0,51562.0,43165.0,47275.0,8558.0,6776.0,10400.0,680573.0,21.0,249802.0,92916.0,1.158666667,0,Friday
2025-08-30,1.057333333,0,0,0,0,133105.0,52.0,5.0,49434,119.0,17941,40,0,4,0,,0,0,,,,,,,,,,,,,,,143419.0,123146.0,167901.0,5.0,3.0,6.0,55838.0,51562.0,43165.0,22460.0,8558.0,6776.0,693128.0,19.0,244778.0,111837.0,1.057333333,0,Saturday
2025-08-31,1.08,0,1,0,0,113002.0,32.0,2.0,49803,104.0,37181,85,0,4,0,,0,0,,,,,,,,,,,,,,,133105.0,143419.0,123146.0,5.0,5.0,3.0,49434.0,55838.0,51562.0,17941.0,22460.0,8558.0,699938.0,16.0,225685.0,127545.0,1.08,0,Sunday
2025-09-01,1.042666667,0,1,0,0,180456.0,110.0,4.0,38141,106.0,25697,65,0,4,0,,0,1,,,,,,,,,,,,,,,113002.0,133105.0,143419.0,2.0,5.0,5.0,49803.0,49434.0,55838.0,37181.0,17941.0,22460.0,688676.0,13.0,292116.0,265592.0,1.042666667,0,Monday
2025-09-02,0.906666667,0,1,0,0,129956.0,73.0,0.0,32469,79.0,24266,48,0,4,0,,1,0,,,,,,,,,,,,,,,180456.0,113002.0,133105.0,4.0,2.0,5.0,38141.0,49803.0,49434.0,25697.0,37181.0,17941.0,696532.0,12.0,348790.0,414004.0,0.906666667,1,Tuesday
2025-09-03,1.164,0,1,0,0,132157.0,79.0,2.0,122269,84.0,160507,53,0,4,0,,1,0,,,,,,,,,,,,,,,129956.0,180456.0,113002.0,0.0,4.0,2.0,32469.0,38141.0,49803.0,24266.0,25697.0,37181.0,656172.0,18.0,401499.0,534667.0,1.164,1,Wednesday
2025-09-04,0.996666667,1,1,0,0,140961.0,71.0,4.0,106108,82.0,166353,35,0,4,0,,1,0,,,,,,,,,,,,,,,132157.0,129956.0,180456.0,2.0,0.0,4.0,122269.0,32469.0,38141.0,160507.0,24266.0,25697.0,533143.0,17.0,466214.0,666295.0,0.996666667,1,Thursday
2025-09-05,1.46,0,0,0,0,72642.0,42.0,8.0,102512,66.0,157844,23,0,4,0,,0,0,,,,,,,,,,,,,,,140961.0,132157.0,129956.0,4.0,2.0,0.0,106108.0,122269.0,32469.0,166353.0,160507.0,24266.0,477221.0,19.0,542186.0,795330.0,1.46,0,Friday
2025-09-06,0.893333333,0,0,0,0,57427.0,14.0,3.0,102856,61.0,157325,26,0,4,0,,0,0,,,,,,,,,,,,,,,72642.0,140961.0,132157.0,8.0,4.0,2.0,102512.0,106108.0,122269.0,157844.0,166353.0,160507.0,401913.0,19.0,498055.0,724708.0,0.893333333,0,Saturday
2025-09-07,1.162666667,0,1,0,0,74034.0,19.0,2.0,108441,63.0,153301,15,0,4,0,,0,0,,,,,,,,,,,,,,,57427.0,72642.0,140961.0,3.0,8.0,4.0,102856.0,102512.0,106108.0,157325.0,157844.0,166353.0,312300.0,16.0,424209.0,567925.0,1.162666667,0,Sunday
2025-09-08,0.904,0,1,0,0,56849.0,13.0,2.0,78138,73.0,89885,13,0,4,0,,0,0,,,,,,,,,,,,,,,74034.0,57427.0,72642.0,2.0,3.0,8.0,108441.0,102856.0,102512.0,153301.0,157325.0,157844.0,273218.0,8.0,350292.0,413324.0,0.904,0,Monday
2025-09-09,1.016333333,0,1,0,0,51348.0,12.0,1.0,32262,51.0,9570,12,0,4,0,,0,0,,,,,,,,,,,,,,,56849.0,74034.0,57427.0,2.0,2.0,3.0,78138.0,108441.0,102856.0,89885.0,153301.0,157325.0,248032.0,7.0,280187.0,262125.0,1.016333333,0,Tuesday
2025-09-10,1.122666667,0,1,0,0,33560.0,-5.0,0.0,28595,54.0,3243,4,0,4,0,,0,0,,,,,,,,,,,,,,,51348.0,56849.0,74034.0,1.0,2.0,2.0,32262.0,78138.0,108441.0,9570.0,89885.0,153301.0,201297.0,5.0,201032.0,114956.0,1.122666667,0,Wednesday
2025-09-11,1.088,0,1,0,0,32241.0,3.0,2.0,32751,39.0,6126,12,0,4,0,,0,0,,,,,,,,,,,,,,,33560.0,51348.0,56849.0,0.0,1.0,2.0,28595.0,32262.0,78138.0,3243.0,9570.0,89885.0,241488.0,7.0,154034.0,31351.0,1.088,0,Thursday
2025-09-12,0.874666667,0,0,0,0,27299.0,3.0,0.0,29286,51.0,6132,7,0,4,0,,0,0,,,,,,,,,,,,,,,32241.0,33560.0,51348.0,2.0,0.0,1.0,32751.0,28595.0,32262.0,6126.0,3243.0,9570.0,614211.0,7.0,150707.0,28680.0,0.874666667,0,Friday
2025-09-13,1.011089333,0,0,0,0,97040.0,43.0,4.0,31140,56.0,6280,6,0,4,0,,0,0,,,,,,,,,,,,,,,27299.0,32241.0,33560.0,0.0,2.0,0.0,29286.0,32751.0,28595.0,6132.0,6126.0,3243.0,894355.0,7.0,162443.0,30915.0,1.011089333,0,Saturday
2025-09-14,0.784,0,1,0,0,424071.0,183.0,1.0,28935,74.0,6899,2,0,4,0,,0,0,,,,,,,,,,,,,,,97040.0,27299.0,32241.0,4.0,0.0,2.0,31140.0,29286.0,32751.0,6280.0,6132.0,6126.0,1131529.0,7.0,163393.0,30943.0,0.784,0,Sunday
2025-09-15,0.966666667,0,1,0,0,313704.0,82.0,0.0,40331,70.0,5478,6,0,4,0,,0,0,,,,,,,,,,,,,,,424071.0,97040.0,27299.0,1.0,4.0,0.0,28935.0,31140.0,29286.0,6899.0,6280.0,6132.0,1258320.0,8.0,177707.0,33019.0,0.966666667,0,Monday
2025-09-16,1.053333333,0,1,0,0,269415.0,111.0,2.0,33701,59.0,6154,6,0,4,0,,0,0,,,,,,,,,,,,,,,313704.0,424071.0,97040.0,0.0,1.0,4.0,40331.0,28935.0,31140.0,5478.0,6899.0,6280.0,1201166.0,5.0,191360.0,30099.0,1.053333333,0,Tuesday
2025-09-17,0.990666667,0,1,0,0,154090.0,39.0,1.0,43600,52.0,8208,2,0,4,0,,0,0,,,,,,,,,,,,,,,269415.0,313704.0,424071.0,2.0,0.0,1.0,33701.0,40331.0,28935.0,6154.0,5478.0,6899.0,816482.0,9.0,191434.0,26798.0,0.990666667,0,Wednesday
2025-09-18,0.946666667,0,1,0,0,39886.0,-14.0,1.0,44793,60.0,3360,5,0,4,0,,0,0,,,,,,,,,,,,,,,154090.0,269415.0,313704.0,1.0,2.0,0.0,43600.0,33701.0,40331.0,8208.0,6154.0,5478.0,525559.0,11.0,169723.0,24400.0,0.946666667,0,Thursday
2025-09-19,0.624,0,0,0,0,39387.0,-10.0,5.0,29009,48.0,3598,4,0,4,0,,0,0,,,,,,,,,,,,,,,39886.0,154090.0,269415.0,1.0,1.0,2.0,44793.0,43600.0,33701.0,3360.0,8208.0,6154.0,281933.0,12.0,154328.0,20537.0,0.624,0,Friday
2025-09-20,0.948,0,0,0,0,22781.0,-3.0,2.0,18620,50.0,3080,7,0,4,0,,0,0,,,,,,,,,,,,,,,39387.0,39886.0,154090.0,5.0,1.0,1.0,29009.0,44793.0,43600.0,3598.0,3360.0,8208.0,145485.0,13.0,136981.0,14602.0,0.948,0,Saturday
2025-09-21,0.966666667,0,1,1,0,25789.0,-3.0,3.0,18306,37.0,2291,7,0,4,0,,0,0,,,,,,,,,,,,,,,22781.0,39387.0,39886.0,2.0,5.0,1.0,18620.0,29009.0,44793.0,3080.0,3598.0,3360.0,129655.0,16.0,115246.0,15911.0,0.966666667,0,Sunday
2025-09-22,0.8,0,1,1,0,17642.0,-8.0,2.0,26253,57.0,2273,3,0,4,1,,0,0,,,,,,,,,,,,,,,25789.0,22781.0,39387.0,3.0,2.0,5.0,18306.0,18620.0,29009.0,2291.0,3080.0,3598.0,120573.0,11.0,104623.0,34679.0,0.8,0,Monday
2025-09-23,1.226666667,0,1,1,0,24056.0,6.0,4.0,23058,40.0,4669,6,0,4,0,,0,0,,,,,,,,,,,,,,,17642.0,25789.0,22781.0,2.0,3.0,2.0,26253.0,18306.0,18620.0,2273.0,2291.0,3080.0,118988.0,9.0,107901.0,66998.0,1.226666667,0,Tuesday
2025-09-24,0.933333333,0,1,1,0,30305.0,-4.0,0.0,18386,35.0,22366,32,0,4,0,,0,0,,,,,,,,,,,,,,,24056.0,17642.0,25789.0,4.0,2.0,3.0,23058.0,26253.0,18306.0,4669.0,2273.0,2291.0,117556.0,6.0,105295.0,133883.0,0.933333333,0,Wednesday
2025-09-25,0.9,0,1,1,0,21196.0,-3.0,0.0,21898,24.0,35399,41,0,4,0,,0,0,,,,,,,,,,,,,,,30305.0,24056.0,17642.0,0.0,4.0,2.0,18386.0,23058.0,26253.0,22366.0,4669.0,2273.0,125381.0,7.0,91022.0,151140.0,0.9,0,Thursday
2025-09-26,1.156,0,0,1,0,24357.0,3.0,0.0,15700,35.0,69176,79,0,4,0,,0,0,,,,,,,,,,,,,,,21196.0,30305.0,24056.0,0.0,0.0,4.0,21898.0,18386.0,23058.0,35399.0,22366.0,4669.0,124026.0,3.0,78110.0,171728.0,1.156,0,Friday
2025-09-27,0.853333333,0,0,1,0,25467.0,-6.0,3.0,11980,32.0,19530,26,0,4,0,,0,0,,,,,,,,,,,,,,,24357.0,21196.0,30305.0,0.0,0.0,0.0,15700.0,21898.0,18386.0,69176.0,35399.0,22366.0,121659.0,3.0,77568.0,168282.0,0.853333333,0,Saturday
2025-09-28,0.8,0,1,1,0,22701.0,-8.0,0.0,10146,17.0,25257,36,0,4,0,,0,0,,,,,,,,,,,,,,,25467.0,24357.0,21196.0,3.0,0.0,0.0,11980.0,15700.0,21898.0,19530.0,69176.0,35399.0,128365.0,6.0,71787.0,141232.0,0.8,0,Sunday
2025-09-29,0.666666667,0,1,1,0,27938.0,-9.0,0.0,17844,28.0,18920,23,0,4,0,,0,0,,,,,,,,,,,,,,,22701.0,25467.0,24357.0,0.0,3.0,0.0,10146.0,11980.0,15700.0,25257.0,19530.0,69176.0,123114.0,9.0,77616.0,84269.0,0.666666667,0,Monday
2025-09-30,0.666666667,0,1,1,0,27902.0,4.0,3.0,16117,22.0,8349,15,0,4,0,,0,0,,,,,,,,,,,,,,,27938.0,22701.0,25467.0,0.0,0.0,3.0,17844.0,10146.0,11980.0,18920.0,25257.0,19530.0,127790.0,6.0,90347.0,77582.0,0.666666667,0,Tuesday
2025-10-01,0.9,0,1,1,0,19106.0,-8.0,3.0,21529,46.0,12213,9,0,4,0,,0,1,,,,,,,,,,,,,,,27902.0,27938.0,22701.0,3.0,0.0,0.0,16117.0,17844.0,10146.0,8349.0,18920.0,25257.0,190388.0,8.0,314627.0,81329.0,0.9,0,Wednesday
2025-10-02,0.966666667,0,1,1,0,30143.0,11.0,0.0,24711,51.0,12843,12,0,4,0,,1,0,,,,,,,,,,,,,,,19106.0,27902.0,27938.0,3.0,3.0,0.0,21529.0,16117.0,17844.0,12213.0,8349.0,18920.0,392451.0,13.0,584308.0,248313.0,0.966666667,1,Thursday
2025-10-03,1.066666667,0,0,1,0,85299.0,20.0,2.0,234426,193.0,29004,43,0,4,0,,1,0,,,,,,,,,,,,,,,30143.0,19106.0,27902.0,0.0,3.0,3.0,24711.0,21529.0,16117.0,12843.0,12213.0,8349.0,606288.0,11.0,655416.0,295508.0,1.066666667,1,Friday
2025-10-04,0.793333333,0,0,1,0,230001.0,97.0,5.0,287525,307.0,185904,153,0,4,0,,1,0,,,,,,,,,,,,,,,85299.0,30143.0,19106.0,2.0,0.0,3.0,234426.0,24711.0,21529.0,29004.0,12843.0,12213.0,823501.0,11.0,689022.0,310060.0,0.793333333,1,Saturday
2025-10-05,0.9,0,1,1,1,241739.0,122.0,1.0,87225,132.0,55544,56,0,4,0,,0,0,,,,,,,,,,,,,,,230001.0,85299.0,30143.0,5.0,2.0,0.0,287525.0,234426.0,24711.0,185904.0,29004.0,12843.0,1018377.0,12.0,702964.0,335726.0,0.9,0,Sunday
2025-10-06,0.942666667,0,1,1,1,236319.0,100.0,3.0,55135,61.0,26765,22,0,4,0,,0,0,,,,,,,,,,,,,,,241739.0,230001.0,85299.0,1.0,5.0,2.0,87225.0,287525.0,234426.0,55544.0,185904.0,29004.0,1110016.0,12.0,502468.0,402694.0,0.942666667,0,Monday
2025-10-07,0.896666667,0,1,1,1,225019.0,69.0,1.0,38653,48.0,38509,52,0,4,0,,0,0,,,,,,,,,,,,,,,236319.0,241739.0,230001.0,3.0,1.0,5.0,55135.0,87225.0,287525.0,26765.0,55544.0,185904.0,995476.0,9.0,246130.0,306342.0,0.896666667,0,Tuesday
2025-10-08,1.058666667,0,1,1,1,176938.0,73.0,2.0,33930,39.0,95972,92,0,4,0,,0,0,,,,,,,,,,,,,,,225019.0,236319.0,241739.0,1.0,3.0,1.0,38653.0,55135.0,87225.0,38509.0,26765.0,55544.0,865367.0,15.0,190658.0,306467.0,1.058666667,0,Wednesday
2025-10-09,1.236,0,1,1,1,115461.0,45.0,2.0,31187,70.0,89552,93,0,4,1,,0,0,,,,,,,,,,,,,,,176938.0,225019.0,236319.0,2.0,1.0,3.0,33930.0,38653.0,55135.0,95972.0,38509.0,26765.0,726666.0,14.0,161892.0,309053.0,1.236,0,Thursday
2025-10-10,1.333333333,0,0,1,1,111630.0,19.0,7.0,31753,68.0,55669,54,0,4,0,,0,0,,,,,,,,,,,,,,,115461.0,176938.0,225019.0,2.0,2.0,1.0,31187.0,33930.0,38653.0,89552.0,95972.0,38509.0,551489.0,15.0,150618.0,288341.0,1.333333333,0,Friday
2025-10-11,0.973333333,0,0,1,1,97618.0,20.0,2.0,26369,68.0,29351,33,0,4,0,,0,0,,,,,,,,,,,,,,,111630.0,115461.0,176938.0,7.0,2.0,2.0,31753.0,31187.0,33930.0,55669.0,89552.0,95972.0,397838.0,16.0,139990.0,207130.0,0.973333333,0,Saturday
2025-10-12,0.953333333,0,1,1,1,49842.0,14.0,2.0,27379,64.0,17797,22,0,4,0,,0,0,,,,,,,,,,,,,,,97618.0,111630.0,115461.0,2.0,7.0,2.0,26369.0,31753.0,31187.0,29351.0,55669.0,89552.0,313407.0,19.0,133798.0,129133.0,0.953333333,0,Sunday
2025-10-13,0.88,0,1,1,1,23287.0,-2.0,3.0,23302,29.0,14761,13,0,4,0,,0,0,,,,,,,,,,,,,,,49842.0,97618.0,111630.0,2.0,2.0,7.0,27379.0,26369.0,31753.0,17797.0,29351.0,55669.0,260217.0,15.0,127160.0,87666.0,0.88,0,Monday
2025-10-14,0.866666667,0,1,1,1,31030.0,14.0,5.0,24995,46.0,11555,10,0,4,0,,0,0,,,,,,,,,,,,,,,23287.0,49842.0,97618.0,3.0,2.0,2.0,23302.0,27379.0,26369.0,14761.0,17797.0,29351.0,247682.0,15.0,119293.0,79678.0,0.866666667,0,Tuesday
2025-10-15,0.890666667,0,1,1,1,58440.0,9.0,3.0,25115,44.0,14202,28,0,4,0,,0,0,,,,,,,,,,,,,,,31030.0,23287.0,49842.0,5.0,3.0,2.0,24995.0,23302.0,27379.0,11555.0,14761.0,17797.0,263017.0,13.0,114055.0,89131.0,0.890666667,0,Wednesday
2025-10-16,0.901333333,0,1,1,1,85083.0,15.0,2.0,18502,40.0,21363,26,0,4,0,,0,0,,,,,,,,,,,,,,,58440.0,31030.0,23287.0,3.0,5.0,3.0,25115.0,24995.0,23302.0,14202.0,11555.0,14761.0,291606.0,10.0,122155.0,95798.0,0.901333333,0,Thursday
2025-10-17,1.337333333,0,0,1,1,65177.0,2.0,0.0,22141,35.0,27250,44,0,4,0,,0,0,,,,,,,,,,,,,,,85083.0,58440.0,31030.0,2.0,3.0,5.0,18502.0,25115.0,24995.0,21363.0,14202.0,11555.0,377018.0,15.0,138868.0,94880.0,1.337333333,0,Friday
2025-10-18,0.921333333,0,0,1,1,51876.0,1.0,0.0,31402,50.0,21428,29,0,4,0,,0,0,,,,,,,,,,,,,,,65177.0,85083.0,58440.0,0.0,2.0,3.0,22141.0,18502.0,25115.0,27250.0,21363.0,14202.0,435886.0,13.0,158131.0,87503.0,0.921333333,0,Saturday
2025-10-19,0.946666667,0,1,1,1,116442.0,64.0,10.0,41708,65.0,10637,14,0,4,0,,0,0,,,,,,,,,,,,,,,51876.0,65177.0,85083.0,0.0,0.0,2.0,31402.0,22141.0,18502.0,21428.0,27250.0,21363.0,442383.0,11.0,162945.0,75662.0,0.946666667,0,Sunday
2025-10-20,0.986666667,0,1,1,1,117308.0,44.0,1.0,44378,77.0,6825,8,0,4,0,,0,0,,,,,,,,,,,,,,,116442.0,51876.0,65177.0,10.0,0.0,0.0,41708.0,31402.0,22141.0,10637.0,21428.0,27250.0,440103.0,11.0,164391.0,61088.0,0.986666667,0,Monday
2025-10-21,0.950666667,0,1,1,1,91580.0,16.0,0.0,23316,43.0,9522,8,0,4,0,,0,0,,,,,,,,,,,,,,,117308.0,116442.0,51876.0,1.0,10.0,0.0,44378.0,41708.0,31402.0,6825.0,10637.0,21428.0,485307.0,13.0,191822.0,55593.0,0.950666667,0,Tuesday
2025-10-22,0.696,0,1,1,1,62897.0,6.0,0.0,23587,46.0,12676,12,0,4,0,,0,0,,,,,,,,,,,,,,,91580.0,117308.0,116442.0,0.0,1.0,10.0,23316.0,44378.0,41708.0,9522.0,6825.0,10637.0,625745.0,5.0,259405.0,61294.0,0.696,0,Wednesday
2025-10-23,0.96,0,1,1,1,97080.0,40.0,2.0,58833,76.0,15933,16,0,4,0,,0,0,,,,,,,,,,,,,,,62897.0,91580.0,117308.0,0.0,0.0,1.0,23587.0,23316.0,44378.0,12676.0,9522.0,6825.0,754577.0,6.0,263831.0,67954.0,0.96,0,Thursday
2025-10-24,1.066666667,0,0,1,1,256880.0,191.0,2.0,109291,199.0,16338,22,0,4,0,0.490666667,0,0,,,,,,,,,,,,,,,97080.0,62897.0,91580.0,2.0,0.0,0.0,58833.0,23587.0,23316.0,15933.0,12676.0,9522.0,790745.0,11.0,279583.0,74010.0,1.557333334,0,Friday
2025-10-25,1.262666667,0,0,1,1,246140.0,105.0,2.0,48804,116.0,13485,23,0,4,0,,0,0,,,,,,,,,,,,,,,256880.0,97080.0,62897.0,2.0,2.0,0.0,109291.0,58833.0,23587.0,16338.0,15933.0,12676.0,778215.0,14.0,282479.0,69775.0,1.262666667,0,Saturday
2025-10-26,1.317666667,0,1,1,1,127748.0,36.0,5.0,39068,74.0,15578,27,0,4,0,,0,0,,,,,,,,,,,,,,,246140.0,256880.0,97080.0,2.0,2.0,2.0,48804.0,109291.0,58833.0,13485.0,16338.0,15933.0,739356.0,13.0,245648.0,62607.0,1.317666667,0,Sunday
2025-10-27,1.088666667,0,1,1,1,50367.0,19.0,3.0,26483,44.0,8441,13,0,4,0,,1,0,,,,,,,,,,,,,,,127748.0,246140.0,256880.0,5.0,2.0,2.0,39068.0,48804.0,109291.0,15578.0,13485.0,16338.0,546568.0,12.0,181019.0,61996.0,1.088666667,1,Monday
2025-10-28,1.317333333,0,1,1,1,58221.0,19.0,1.0,22002,48.0,8765,20,0,4,0,,1,0,,,,,,,,,,,,,,,50367.0,127748.0,246140.0,3.0,5.0,2.0,26483.0,39068.0,48804.0,8441.0,15578.0,13485.0,381434.0,13.0,160293.0,67956.0,1.317333333,1,Tuesday
2025-10-29,1.088,0,1,1,1,64092.0,25.0,1.0,44662,65.0,15727,14,0,4,1,,1,0,,,,,,,,,,,,,,,58221.0,50367.0,127748.0,1.0,3.0,5.0,22002.0,26483.0,39068.0,8765.0,8441.0,15578.0,305671.0,14.0,172385.0,67000.0,1.088,1,Wednesday
2025-10-30,1.332666667,0,1,1,1,81006.0,19.0,3.0,28078,100.0,19445,21,0,4,0,,0,0,,,,,,,,,,,,,,,64092.0,58221.0,50367.0,1.0,1.0,3.0,44662.0,22002.0,26483.0,15727.0,8765.0,8441.0,284712.0,18.0,175241.0,67760.0,1.332666667,0,Thursday
2025-10-31,1.437333333,0,0,1,1,51985.0,8.0,6.0,51160,74.0,14622,15,0,4,0,,0,0,,,,,,,,,,,,,,,81006.0,64092.0,58221.0,3.0,1.0,1.0,28078.0,44662.0,22002.0,19445.0,15727.0,8765.0,302691.0,20.0,213139.0,66765.0,1.437333333,0,Friday
2025-11-01,0.996666667,0,0,0,1,29408.0,0.0,7.0,29339,55.0,9201,9,0,4,0,,0,1,,,,,,,,,,,,,,,51985.0,81006.0,64092.0,6.0,3.0,1.0,51160.0,28078.0,44662.0,14622.0,19445.0,15727.0,566954.0,32.0,296915.0,55899.0,0.996666667,0,Saturday
2025-11-02,1.089666667,0,1,0,1,76200.0,12.0,3.0,59900,77.0,7770,10,0,4,1,,0,0,,,,,,,,,,,,,,,29408.0,51985.0,81006.0,7.0,6.0,3.0,29339.0,51160.0,28078.0,9201.0,14622.0,19445.0,620551.0,30.0,337138.0,42492.0,1.089666667,0,Sunday
2025-11-03,1.24,0,1,0,1,328355.0,98.0,13.0,128438,126.0,4861,11,0,4,0,,0,0,,,,,,,,,,,,,,,76200.0,29408.0,51985.0,3.0,7.0,6.0,59900.0,29339.0,51160.0,7770.0,9201.0,14622.0,648330.0,27.0,324830.0,31608.0,1.24,0,Monday
2025-11-04,1.127333333,0,1,0,1,134603.0,19.0,1.0,68301,68.0,6038,7,0,4,0,,0,0,,,,,,,,,,,,,,,328355.0,76200.0,29408.0,13.0,3.0,7.0,128438.0,59900.0,29339.0,4861.0,7770.0,9201.0,688937.0,22.0,325827.0,23089.0,1.127333333,0,Tuesday
2025-11-05,1.293333333,0,1,0,0,79764.0,10.0,3.0,38852,55.0,3738,4,0,4,0,,0,0,,,,,,,,,,,,,,,134603.0,328355.0,76200.0,1.0,13.0,3.0,68301.0,128438.0,59900.0,6038.0,4861.0,7770.0,677637.0,22.0,301075.0,20096.0,1.293333333,0,Wednesday
2025-11-06,1.377333333,0,1,0,0,70015.0,9.0,2.0,30336,47.0,682,3,0,4,0,,0,0,,,,,,,,,,,,,,,79764.0,134603.0,328355.0,3.0,1.0,13.0,38852.0,68301.0,128438.0,3738.0,6038.0,4861.0,394679.0,14.0,260188.0,32207.0,1.377333333,0,Thursday
2025-11-07,1.687,0,0,0,0,64900.0,5.0,3.0,35148,53.0,4777,1,0,4,0,,0,0,,,,,,,,,,,,,,,70015.0,79764.0,134603.0,2.0,3.0,1.0,30336.0,38852.0,68301.0,682.0,3738.0,6038.0,313256.0,18.0,310839.0,40825.0,1.687,0,Friday
2025-11-08,1.136,0,0,0,0,45397.0,4.0,5.0,87551,89.0,16972,8,0,4,1,,0,0,,,,,,,,,,,,,,,64900.0,70015.0,79764.0,3.0,2.0,3.0,35148.0,30336.0,38852.0,4777.0,682.0,3738.0,268281.0,19.0,318102.0,52573.0,1.136,0,Saturday
2025-11-09,1.34,0,1,0,0,53180.0,17.0,5.0,118952,121.0,14656,8,0,4,0,,0,0,,,,,,,,,,,,,,,45397.0,64900.0,70015.0,5.0,3.0,2.0,87551.0,35148.0,30336.0,16972.0,4777.0,682.0,322458.0,19.0,320989.0,71484.0,1.34,0,Sunday
2025-11-10,1.626666667,0,1,0,0,34789.0,5.0,4.0,46115,71.0,15486,11,0,4,0,,0,0,,,,,,,,,,,,,,,53180.0,45397.0,64900.0,5.0,5.0,3.0,118952.0,87551.0,35148.0,14656.0,16972.0,4777.0,284167.0,19.0,317512.0,82458.0,1.626666667,0,Monday
2025-11-11,1.373333333,0,1,0,0,124192.0,13.0,2.0,33223,55.0,19593,11,0,4,0,,0,0,,,,,,,,,,,,,,,34789.0,53180.0,45397.0,4.0,5.0,5.0,46115.0,118952.0,87551.0,15486.0,14656.0,16972.0,263879.0,26.0,260472.0,80370.0,1.373333333,0,Tuesday
2025-11-12,1.282666667,0,1,0,0,26609.0,-5.0,3.0,31671,50.0,15751,9,0,4,0,,0,0,,,,,,,,,,,,,,,124192.0,34789.0,53180.0,2.0,4.0,5.0,33223.0,46115.0,118952.0,19593.0,15486.0,14656.0,237769.0,21.0,181146.0,81731.0,1.282666667,0,Wednesday
2025-11-13,1.534666667,0,1,0,0,25109.0,-9.0,12.0,30511,62.0,14884,10,0,4,0,,0,0,,,,,,,,,,,,,,,26609.0,124192.0,34789.0,3.0,2.0,4.0,31671.0,33223.0,46115.0,15751.0,19593.0,15486.0,219687.0,18.0,163991.0,82716.0,1.534666667,0,Thursday
2025-11-14,1.446666667,0,0,0,0,27070.0,-18.0,0.0,39626,59.0,16017,12,0,4,0,,0,0,,,,,,,,,,,,,,,25109.0,26609.0,124192.0,12.0,3.0,2.0,30511.0,31671.0,33223.0,14884.0,15751.0,19593.0,106705.0,21.0,163775.0,85311.0,1.446666667,0,Friday
2025-11-15,0.963666667,0,0,0,0,16707.0,-3.0,1.0,28960,64.0,16471,7,0,4,0,,0,0,,,,,,,,,,,,,,,27070.0,25109.0,26609.0,0.0,12.0,3.0,39626.0,30511.0,31671.0,16017.0,14884.0,15751.0,89685.0,19.0,149606.0,71392.0,0.963666667,0,Saturday
2025-11-16,1.063333333,0,1,1,1,11210.0,-16.0,5.0,33007,63.0,22188,20,0,4,0,,0,0,,,,,,,,,,,,,,,16707.0,27070.0,25109.0,1.0,0.0,12.0,28960.0,39626.0,30511.0,16471.0,16017.0,14884.0,81932.0,7.0,135732.0,57944.0,1.063333333,0,Sunday
2025-11-17,0.904,0,1,1,1,9589.0,-3.0,1.0,17502,41.0,1832,7,0,4,0,,0,0,,,,,,,,,,,,,,,11210.0,16707.0,27070.0,5.0,1.0,0.0,33007.0,28960.0,39626.0,22188.0,16471.0,16017.0,66699.0,8.0,132987.0,44004.0,0.904,0,Monday
2025-11-18,0.994,0,1,1,1,17356.0,-3.0,0.0,16637,33.0,1436,5,0,4,0,,0,0,,,,,,,,,,,,,,,9589.0,11210.0,16707.0,1.0,5.0,1.0,17502.0,33007.0,28960.0,1832.0,22188.0,16471.0,61743.0,7.0,129458.0,28751.0,0.994,0,Tuesday
2025-11-19,0.825333333,0,1,1,1,11837.0,-8.0,1.0,36881,50.0,2077,3,0,4,0,,0,0,,,,,,,,,,,,,,,17356.0,9589.0,11210.0,0.0,1.0,5.0,16637.0,17502.0,33007.0,1436.0,1832.0,22188.0,108879.0,4.0,147554.0,11846.0,0.825333333,0,Wednesday
2025-11-20,1.333333333,0,1,1,1,11751.0,-11.0,0.0,25431,42.0,1218,1,0,4,0,,0,0,,,,,,,,,,,,,,,11837.0,17356.0,9589.0,1.0,0.0,1.0,36881.0,16637.0,17502.0,2077.0,1436.0,1832.0,252613.0,3.0,200491.0,57599.0,1.333333333,0,Thursday
2025-11-21,1.42,0,0,1,1,58346.0,11.0,2.0,51103,78.0,5283,4,0,4,0,,0,0,,,,,,,,,,,,,,,11751.0,11837.0,17356.0,0.0,1.0,0.0,25431.0,36881.0,16637.0,1218.0,2077.0,1436.0,397470.0,4.0,217304.0,65922.0,1.42,0,Friday
2025-11-22,0.998666667,0,0,1,1,153323.0,86.0,0.0,70439,110.0,47585,38,0,4,0,,0,0,,,,,,,,,,,,,,,58346.0,11751.0,11837.0,2.0,0.0,1.0,51103.0,25431.0,36881.0,5283.0,1218.0,2077.0,517294.0,7.0,203674.0,69535.0,0.998666667,0,Saturday
2025-11-23,0.858666667,0,1,1,1,162213.0,92.0,1.0,33450,56.0,9759,7,0,4,0,,0,0,,,,,,,,,,,,,,,153323.0,58346.0,11751.0,0.0,2.0,0.0,70439.0,51103.0,25431.0,47585.0,5283.0,1218.0,616619.0,7.0,200392.0,74075.0,0.858666667,0,Sunday
2025-11-24,1.057333333,0,1,1,1,131661.0,86.0,4.0,23251,51.0,5690,5,0,4,0,,0,0,,,,,,,,,,,,,,,162213.0,153323.0,58346.0,1.0,0.0,2.0,33450.0,70439.0,51103.0,9759.0,47585.0,5283.0,620295.0,5.0,174457.0,78325.0,1.057333333,0,Monday
2025-11-25,0.957333333,0,1,1,1,111076.0,49.0,0.0,22149,56.0,5758,5,0,4,0,,0,0,,,,,,,,,,,,,,,131661.0,162213.0,153323.0,4.0,1.0,0.0,23251.0,33450.0,70439.0,5690.0,9759.0,47585.0,481607.0,6.0,122336.0,38994.0,0.957333333,0,Tuesday
2025-11-26,1.036,0,1,1,1,62022.0,33.0,0.0,25168,51.0,9533,7,0,4,0,,0,0,,,,,,,,,,,,,,,111076.0,131661.0,162213.0,0.0,4.0,1.0,22149.0,23251.0,33450.0,5758.0,5690.0,9759.0,325435.0,8.0,109770.0,43875.0,1.036,0,Wednesday
2025-11-27,1.545333333,0,1,1,1,14635.0,-2.0,1.0,18318,33.0,8254,6,0,4,0,,0,0,,,,,,,,,,,,,,,62022.0,111076.0,131661.0,0.0,0.0,4.0,25168.0,22149.0,23251.0,9533.0,5758.0,5690.0,198985.0,4.0,104697.0,68720.0,1.545333333,0,Thursday
2025-11-29,1.082666667,0,0,1,1,6041.0,-16.0,3.0,20884,60.0,14640,20,0,4,0,,0,0,,,,,,,,,,,,,,,14635.0,62022.0,111076.0,1.0,0.0,0.0,18318.0,25168.0,22149.0,8254.0,9533.0,5758.0,93007.0,4.0,104594.0,101771.0,1.082666667,0,Saturday
2025-11-30,0.966666667,0,1,1,1,5211.0,-11.0,0.0,18178,48.0,30535,31,0,4,0,,1,0,,,,,,,,,,,,,,,6041.0,14635.0,62022.0,3.0,1.0,0.0,20884.0,18318.0,25168.0,14640.0,8254.0,9533.0,56343.0,7.0,132572.0,119935.0,0.966666667,1,Sunday
2025-12-01,0.978,0,1,1,1,5098.0,-16.0,0.0,22046,37.0,38809,39,0,4,0,,1,1,,,,,,,,,,,,,,,5211.0,6041.0,14635.0,0.0,3.0,1.0,18178.0,20884.0,18318.0,30535.0,14640.0,8254.0,92991.0,10.0,183681.0,201548.0,0.978,1,Monday
2025-12-02,0.944,0,1,1,1,25358.0,-11.0,3.0,53146,51.0,27697,14,0,4,0,,1,0,,,,,,,,,,,,,,,5098.0,5211.0,6041.0,0.0,0.0,3.0,22046.0,18178.0,20884.0,38809.0,30535.0,14640.0,127476.0,10.0,215829.0,273495.0,0.944,1,Tuesday
2025-12-03,0.82933333,0,1,1,1,51283.0,15.0,4.0,69427,85.0,89867,82,0,4,0,,0,0,,,,,,,,,,,,,,,25358.0,5098.0,5211.0,3.0,0.0,0.0,53146.0,22046.0,18178.0,27697.0,38809.0,30535.0,148698.0,12.0,236696.0,294282.0,0.82933333,0,Wednesday
2025-12-04,1.3,0,1,1,1,40526.0,9.0,3.0,53032,74.0,86587,77,0,4,0,,0,0,,,,,,,,,,,,,,,51283.0,25358.0,5098.0,4.0,3.0,0.0,69427.0,53146.0,22046.0,89867.0,27697.0,38809.0,229459.0,16.0,252463.0,284647.0,1.3,0,Thursday
2025-12-05,1.56066667,0,0,1,1,26433.0,1.0,2.0,39045,61.0,51322,47,0,5,0,,0,0,,,,,,,,,,,,,,,40526.0,51283.0,25358.0,3.0,4.0,3.0,53032.0,69427.0,53146.0,86587.0,89867.0,27697.0,296986.0,15.0,242744.0,282888.0,1.56066667,0,Friday
2025-12-06,1.112,0,0,1,1,85859.0,7.0,4.0,37813,82.0,29174,31,0,5,0,,0,0,,,,,,,,,,,,,,,26433.0,40526.0,51283.0,2.0,3.0,4.0,39045.0,53032.0,69427.0,51322.0,86587.0,89867.0,314524.0,13.0,231201.0,219776.0,1.112,0,Saturday
2025-12-07,1.251,0,1,1,1,92885.0,15.0,2.0,43427,57.0,25938,16,0,5,0,,0,0,,,,,,,,,,,,,,,85859.0,26433.0,40526.0,4.0,2.0,3.0,37813.0,39045.0,53032.0,29174.0,51322.0,86587.0,319953.0,13.0,237987.0,174090.0,1.251,0,Sunday
2025-12-08,0.99733333,0,1,1,1,68821.0,4.0,2.0,57884,79.0,26755,25,0,5,0,,0,0,,,,,,,,,,,,,,,92885.0,85859.0,26433.0,2.0,4.0,2.0,43427.0,37813.0,39045.0,25938.0,29174.0,51322.0,337213.0,18.0,220810.0,147012.0,0.99733333,0,Monday
2025-12-09,0.94633333,0,1,1,1,45955.0,10.0,3.0,59818,105.0,40901,37,0,5,0,,0,0,,,,,,,,,,,,,,,68821.0,92885.0,85859.0,2.0,2.0,4.0,57884.0,43427.0,37813.0,26755.0,25938.0,29174.0,271126.0,15.0,204260.0,131984.0,0.94633333,0,Tuesday
2025-12-10,1.12,0,1,1,1,43693.0,14.0,7.0,21868,53.0,24244,24,0,5,0,,0,0,,,,,,,,,,,,,,,45955.0,68821.0,92885.0,3.0,2.0,2.0,59818.0,57884.0,43427.0,40901.0,26755.0,25938.0,189160.0,13.0,182109.0,117912.0,1.12,0,Wednesday
2025-12-11,1.403,0,1,1,1,19772.0,0.0,1.0,21263,40.0,14146,20,0,5,0,,0,0,,,,,,,,,,,,,,,43693.0,45955.0,68821.0,7.0,3.0,2.0,21868.0,59818.0,57884.0,24244.0,40901.0,26755.0,134166.0,11.0,145404.0,102760.0,1.403,0,Thursday
2025-12-12,1.254,0,0,1,1,10919.0,-1.0,0.0,21276,38.0,11866,6,0,5,0,,0,0,,,,,,,,,,,,,,,19772.0,43693.0,45955.0,1.0,7.0,3.0,21263.0,21868.0,59818.0,14146.0,24244.0,40901.0,97478.0,9.0,101836.0,71865.0,1.254,0,Friday
2025-12-13,1.05466667,0,0,1,1,13827.0,-9.0,0.0,21179,58.0,11603,14,0,5,0,,0,0,,,,,,,,,,,,,,,10919.0,19772.0,43693.0,0.0,1.0,7.0,21276.0,21263.0,21868.0,11866.0,14146.0,24244.0,66874.0,5.0,101423.0,55206.0,1.05466667,0,Saturday
2025-12-14,0.81666667,0,1,1,1,9267.0,-9.0,1.0,16250,45.0,10006,7,0,5,0,,0,0,,,,,,,,,,,,,,,13827.0,10919.0,19772.0,0.0,0.0,1.0,21179.0,21276.0,21263.0,11603.0,11866.0,14146.0,69528.0,4.0,96068.0,46447.0,0.81666667,0,Sunday
2025-12-15,0.99566667,0,1,1,1,13089.0,-7.0,3.0,21455,48.0,7585,18,0,5,0,,0,0,,,,,,,,,,,,,,,9267.0,13827.0,10919.0,1.0,0.0,0.0,16250.0,21179.0,21276.0,10006.0,11603.0,11866.0,89579.0,4.0,86707.0,38493.0,0.99566667,0,Monday
2025-12-16,0.798,0,1,1,1,22426.0,-6.0,0.0,15908,24.0,5387,9,0,5,0,,0,0,,,,,,,,,,,,,,,13089.0,9267.0,13827.0,3.0,1.0,0.0,21455.0,16250.0,21179.0,7585.0,10006.0,11603.0,88547.0,6.0,81036.0,30156.0,0.798,0,Tuesday
2025-12-17,0.84666667,0,1,1,1,30970.0,-3.0,0.0,11915,34.0,3912,4,0,5,0,,0,0,,,,,,,,,,,,,,,22426.0,13089.0,9267.0,0.0,3.0,1.0,15908.0,21455.0,16250.0,5387.0,7585.0,10006.0,93241.0,6.0,106442.0,28097.0,0.84666667,0,Wednesday
2025-12-18,0.87333333,0,1,1,1,12795.0,-18.0,2.0,15508,37.0,3266,5,0,5,0,,0,0,,,,,,,,,,,,,,,30970.0,22426.0,13089.0,0.0,0.0,3.0,11915.0,15908.0,21455.0,3912.0,5387.0,7585.0,90941.0,3.0,120771.0,44048.0,0.87333333,0,Thursday
2025-12-19,1.16833333,0,0,1,0,13961.0,-4.0,1.0,41656,41.0,7947,10,0,5,1,,0,0,,,,,,,,,,,,,,,12795.0,30970.0,22426.0,2.0,0.0,0.0,15508.0,11915.0,15908.0,3266.0,3912.0,5387.0,73754.0,4.0,128037.0,60331.0,1.16833333,0,Friday
2025-12-20,0.83066667,0,0,1,0,10789.0,-6.0,0.0,35784,58.0,23536,21,0,5,0,,0,0,,,,,,,,,,,,,,,13961.0,12795.0,30970.0,1.0,2.0,0.0,41656.0,15508.0,11915.0,7947.0,3266.0,3912.0,50549.0,4.0,136999.0,71861.0,0.83066667,0,Saturday
2025-12-21,0.86933333,0,1,1,0,5239.0,-6.0,1.0,23174,34.0,21670,31,0,5,0,,0,0,,,,,,,,,,,,,,,10789.0,13961.0,12795.0,0.0,1.0,2.0,35784.0,41656.0,15508.0,23536.0,7947.0,3266.0,43252.0,2.0,142312.0,81284.0,0.86933333,0,Sunday
2025-12-22,0.761,0,1,1,0,7765.0,-6.0,0.0,20877,39.0,15442,16,0,5,0,,0,0,,,,,,,,,,,,,,,5239.0,10789.0,13961.0,1.0,0.0,1.0,23174.0,35784.0,41656.0,21670.0,23536.0,7947.0,41645.0,4.0,131628.0,88169.0,0.761,0,Monday
2025-12-23,0.80233333,0,1,1,0,5498.0,-2.0,0.0,20821,49.0,12689,11,0,5,0,0.24166667,0,0,,,,,,,,,,,,,,,7765.0,5239.0,10789.0,0.0,1.0,0.0,20877.0,23174.0,35784.0,15442.0,21670.0,23536.0,40632.0,6.0,122519.0,80631.0,1.044,0,Tuesday
2025-12-24,0.88633333,0,1,1,0,12354.0,-7.0,3.0,30972,40.0,14832,13,0,5,0,0.80666667,0,0,,,,,,,,,,,,,,,5498.0,7765.0,5239.0,0.0,0.0,1.0,20821.0,20877.0,23174.0,12689.0,15442.0,21670.0,43781.0,6.0,120145.0,79219.0,1.693,0,Wednesday
2025-12-25,1.011,1,1,0,0,9776.0,-10.0,2.0,26675,51.0,15998,19,0,5,0,1.12933333,0,0,,,,,,,,,,,,,,,12354.0,5498.0,7765.0,3.0,0.0,0.0,30972.0,20821.0,20877.0,14832.0,12689.0,15442.0,45218.0,10.0,141379.0,78147.0,2.14033333,0,Thursday
2025-12-26,1.35733333,1,0,0,0,8388.0,-2.0,1.0,20800,23.0,20258,33,0,5,0,1.48133333,0,0,,,,,,,,,,,,,,,9776.0,12354.0,5498.0,2.0,3.0,0.0,26675.0,30972.0,20821.0,15998.0,14832.0,12689.0,46858.0,13.0,162314.0,71851.0,2.83866666,0,Friday
2025-12-27,0.92,1,0,0,0,9202.0,-7.0,4.0,42111,58.0,14370,13,0,5,1,1.084,0,0,,,,,,,,,,,,,,,8388.0,9776.0,12354.0,1.0,2.0,3.0,20800.0,26675.0,30972.0,20258.0,15998.0,14832.0,41512.0,12.0,147990.0,63276.0,2.004,0,Saturday
2025-12-28,1.143,1,1,0,0,7138.0,-16.0,3.0,41756,65.0,6393,9,0,5,0,1.012,0,0,,,,,,,,,,,,,,,9202.0,8388.0,9776.0,4.0,1.0,2.0,42111.0,20800.0,26675.0,14370.0,20258.0,15998.0,37845.0,11.0,146467.0,57832.0,2.1550000000000002,0,Sunday
2025-12-29,0.92733333,1,1,0,0,7008.0,-8.0,2.0,16648,49.0,6257,9,0,5,0,0.34666667,1,0,,,,,,,,,,,,,,,7138.0,9202.0,8388.0,3.0,4.0,1.0,41756.0,42111.0,20800.0,6393.0,14370.0,20258.0,34920.0,11.0,144044.0,45463.0,1.274,1,Monday
2025-12-30,1.18333333,1,1,0,0,6109.0,-14.0,1.0,25152,38.0,10554,12,0,5,0,1.06666667,1,0,,,,,,,,,,,,,,,7008.0,7138.0,9202.0,2.0,3.0,4.0,16648.0,41756.0,42111.0,6257.0,6393.0,14370.0,,,,,2.25,1,Tuesday
2025-12-31,1.01466667,1,1,0,0,5463.0,-2.0,1.0,18377,32.0,7889,13,0,5,0,1.25933333,0,0,,,,,,,,,,,,,,,6109.0,7008.0,7138.0,1.0,2.0,3.0,25152.0,16648.0,41756.0,10554.0,6257.0,6393.0,,,,,2.274,0,Wednesday
